,comment
0,"REWIND INDONESIA 2020.
#RI2020
Share nobar/nonton/reaksi kalian di sosial media dengan hashtag #RI2020, 
kita ga sabar untuk lihat kalian akhirnya menyaksikan #RI2020!"
1,Rewind is coming !!
2,T_T Pengen Salto Jadinya
3,"5:31 apaaaan kenapa ga ada Kekey?

ğŸ˜²ğŸ˜²ğŸ˜²ğŸ˜²ğŸ˜²ğŸ˜²ğŸ˜²"
4,5:57 for LDP fans :â€)
5,"Aghhh i can't handle my tears :"""""""""""
6,LET'S GO TRENDING!!!!
7,Bro I'm here for. A good laugh. Not teary eyes.
8,"""TRENDINGKAN YUK""
""TRENDINGKAN YUK""
""TRENDINGKAN YUK""
""TRENDINGKAN YUK"""
9,"""TRENDINGKAN YUK""
""TRENDINGKAN YUK""
""TRENDINGKAN YUK""
""TRENDINGKAN YUK"""
10,5:31 OH IM NOT UR LITTLE DOLL ğŸ§¸ğŸ§¸ğŸ”¥ğŸ”¥
11,GILAAA !! BRAVO AULION N CHANDRA! AND ALL TEAM!! HARUSNYA JADI YOUTUBE INI MAH KELAS REWIND GLOBAL!!
12,"""TRENDINGKAN YUK""
""TRENDINGKAN YUK""
""TRENDINGKAN YUK""
""TRENDINGKAN YUK"""
13,"sediiiih i grow up watching you guys all, thank you for cheering me up through my dark days this past few years! till we meet again sehat sehat kalian creator hebaatğŸ˜Š!"
14,8:38 ada lele gaess
15,KERENNNN ğŸ”¥ğŸ”¥ I WILL RATE 100/10 ....
16,Persembahan terakhir untuk Rewind. Terima kasih semua. ğŸ™
17,"MO nagisğŸ˜­,  STAY HEALTHY GUYS"
18,"""THIS IS YOUTUBE REWIND INDONESIA"""
19,"10:50 Halo,JEMPUT CEWE DI PANGGANG"
20,Missing : RIA SW
21,#RI2020 is on FIRE!
22,7:52 merindiiinggg bangettttt
23,11:34 old generation say goodbye to the new generation damn i love that scane
24,GOKIIILLLL!! KEREEN PARAAAHH ğŸ’¯ğŸ˜­
25,9:56 Booommmm!
26,"Terima kasih banyaak buat support dari temen-temen! Semoga video ini bikin semangat utk temen2 kreator bikin konten yang seru, bermanfaat & bisa menginspirasi satu sama lain. Terima kasiih ğŸ™ğŸ»ğŸ˜­"
27,"So really"" love it so much, kalau udh garapan chanliaw keren bgt high class. So I am so proud... #nyalakanindonesia"
28,"4:15

Anjay 
Mic nya di muteğŸ¤£"
29,The real karya anak bangsa INDONESIAğŸ”¥ğŸ”¥ğŸ”¥ğŸ”¥ğŸ”¥
30,"Terima kasih semua pihak yg support semua masyarakat indonesia yg support, bersama berbagi, bersama beragam dan saling memahami itu indah. Keren gila!"
31,Rewind Indonesia 2020. #RI2020
32,"Terima kasih semua pihak yg support semua masyarakat indonesia yg support, bersama berbagi, bersama beragam dan saling memahami itu indah. Keren gila!"
33,When i see Red Doors :
34,Miawaug be like: gw mana saya mana
35,4:13 best moment
36,Terima kasih semuanya. love you all. - SkinnyIndonesian24 ( Andovi da Lopez & Jovial da Lopez)
37,"7:55 Pas masuk scene ini ditmbah lagu wajib nasional, beuhh merinding bnget sumpah, ntah knapa tiap dengerin lagu wajib nasional suka merinding dan kadang ampe nangis ğŸ˜­
 Gokil parah sii mulai dri konsep, visual, ama backsound nya, Numero Uno ğŸ‘"
38,Talent with no passion is nothing but talent with passion is amazing. One of the best rewind ever ğŸ”¥ğŸ”¥ great job!!! Pokonya kerenn parahhh
39,"KEREN BAAAANGEEEEEETTTTT
Makasih yaa kalian yg sudah kerja keras bikin iniii"
40,TerbaikğŸ”¥ keren bet dah
41,terimakasih untuk kalian semua yang sudah bekerja keras. terimakasih sudah menemani tahun 2020 ini. terimakasih skinny indonesia yang tidak akan pernah terlupakan. KALIAAN KEREN BANGETTTTTTTTT NANGISSS NIHHH
42,I'm satisfied <3
43,4:13 satir in actionğŸ˜­
44,Di mohon memakai speaker/headset terbaik kalian ketika menonton.
45,what a masterpiece
46,2:38 moodbosterku jipyeong dan mas hansol ğŸ˜­
47,"atleast, this is the good way to end 2020, good job guysğŸ‘"
48,"Merinding, bagus banget ğŸ”¥ğŸ”¥ğŸ”¥ğŸ”¥ğŸ”¥ harus trending ke1 nih gue gak mau tau harus trending pokoknehğŸ˜­ğŸ”¥ğŸ”¥ğŸ”¥ğŸ”¥ğŸ”¥ 2020 baaay selamat jalan"
49,"Terimakasih buat kalian yang udah berpartisipasi semua ini, kerennn!!!ğŸ”¥ğŸ”¥ğŸ”¥"
50,This year is the most beautifull years!!:)
51,This is so cool! Congrats to all team!! ğŸ’•
52,"Sad ending:(
The bestt ğŸ”¥"
53,"OMG THIS IS SO COOL, IF U SAY 2020 IS THE BAD YEARS, YOU'RE STUPID BRO!! I LOVE IT, NICE KEEP GOING!!ğŸ’œ"
54,Wah gila sih ini wajib trending 1 guysss......
55,Merinding abissss. Ayo Trendingkan
56,"Yok trending, iki keren bgt parah!!!"
57,"This is the best video i ever watch in 2020, thankyou very much <3"
58,2:42 my Dynamite
59,"Damn, this is legit. Thank You !"
60,I LOVE YOU ALL INDONESIAN YOUTUBERSâ¤ï¸
61,2:38 hanjipyeong & nam dosan <3
62,"REWIND INDONESIA 2020
LEGGO!! #RI2020"
63,9:35
64,"Well, the best video ever!!!! Also sad for losing Skinny :(("
65,"Keren banget woyyy,,,wajib trending!!!!!!!!!"
66,HOLY SHIT THIS IS TOO GOOD
67,"Komen setelah trending âŒ
Komen sebelum tayang âœ…

#RI2020"
68,This is was insane this is amazing damn god wow cool
69,IT'S SO DAMN GOOD!
70,"Siapa yang nontonnya lebih dari sekali?
â€œMeâ€
Gilak keren sih, sampe gw ulang-ulang"
71,"Keren bangetttt, they really did a great job!!!"
72,LETSGOOOOOO!!!!
73,11:33 nangis moment
74,AAAA INI KELEWATAN KERENNYAAğŸ˜­ğŸ”¥ğŸ”¥
75,8:37 ada bang leo
76,Ahhh gabisa ngomong lg merinding nontonnya! GokssssğŸ˜­ğŸ”¥
77,MERINDING PARAAAHHH! MANTAPPU JIWA KEREN BANGETT
78,Trendingkan ğŸ”¥
79,2:13 ada bang Budi01ğŸ˜‚
80,BEST REWIND I EVER WATCHED!
81,THE BEST YOUTUBE REWIND EVER!!!!!!
82,Let's Go trending 1
83,Trending kan!
84,the bestttğŸ”¥ğŸ”¥ğŸ”¥
85,"yg kesini gara"" pak muhh, gemess bgtt"
86,GOKILLLLLLLğŸ”¥ğŸ”¥
87,KERENNNNNN REWIND SKINNY INDONESIAN 24 ...
88,MASTERPIECE!!!
89,THE BESTT!!!!!
90,omg im crying!!!
91,Huuuuaaaa apaÂ²an ini keren banget!â¤ï¸ğŸ˜­
92,Ye Aye! :D
93,7:52 merindinggg
94,"Siapa yang nangis ngeliat Youtube Rewind Indonesia 2020? Gatau, tapi menurutku ini emosional banget"
95,4:48 ceramah khas tretan muslim wkwkwk
96,7:33 aku kira weird genius anjin kwkoakw
97,LETS GO !! #RI2020
98,Keren parahğŸ”¥
99,11:45 WELL THEY'RE NOT LYING ABOUT RETIRED FROM YOUTUBE. YOU GUYS WILL BE THE BEST IN MY HEART
100,6:02 IYO SENPAAII!!
101,KEREN BANGET WAJIB TRENDINGğŸ–¤âœ¨âœ¨ğŸ˜­ğŸ˜­ğŸ˜­ğŸ˜­
102,"11:32 Sedih sih Asli Endingnya malah jadi Sad Ending , Gilaaa Petjaahhh bngt YouTubers Indonesia keren bngt skill kelas Dunia!"
103,TOMBOL TRENDING MANA ğŸ˜­ğŸ‘
104,PEETTJJAAAHHHHH PAARRAAHHHHHğŸ”¥ğŸ”¥ğŸ”¥ğŸ”¥
105,9:20 salfok sm gadgetin
106,The best youtube rewind ever..
107,The Lover MV inspiration~
108,"PROUDD OF U ALLğŸ˜­â¤
KERENNN BANGETT MERINDINGğŸ˜­ğŸ”¥â¤"
109,Terimakasih semuanya para youtubers 2020 kami para penonton menjadi luar biasa â™¥ï¸
110,Kerenn bngtt iniiiâ¤ï¸ğŸ”¥ğŸ”¥
111,3:10 lihat jendela
112,AKHIRNYA INDONESIA MULAI BERSAING DENGAN CHANEL YOUTUBE DILUAR SANA!!!
113,"sedihhhhh euiii, tapi 2 youtuber yang gw impiin kgk ada ""son of dad"" & ""qorygor"" but its fine I steeelll love it"
114,"This is a masterpiece, thank you sudah membuat karya ini, Indonesia bangga memiliki YouTuber yang peduli dengan persatuan dan kesatuan. ğŸ™ğŸ»â¤ï¸"
115,AHHHHğŸ˜­ğŸ˜­ğŸ˜­ğŸ˜­ğŸ¤ğŸ¤ğŸ¤ğŸ¤ğŸ¤
116,"4:26 
Zulumat : ""luar biasa luar biasa"""
117,"The Real Comeback, Director nya emang berkualitas âœ¨âœ¨âœ¨"
118,"KERENNN BGETT DAHH
TRENDINGG!!!"
119,Gue merinding nontonnyağŸ˜­ Keren bangettt!!
120,bocil epep belike : â€œKOK EPEP GK ADA SIH BANGâ€  ğŸ˜­ğŸ‘ŠğŸ”¥ğŸ”¥ğŸ”¥
121,Best YouTube Rewind EverğŸ”¥
122,DAAANG bruhh!! I'm cryingğŸ˜­
123,"this is my first time crying because of yt rewind. i lost my mom this year, and in the next 9 days, i lost my sister. by looking at this video i know that we've been through a lot. and if u are reading this, you're doing a great job. you can survive until this time and that's great."
124,"4:30 
The Best Part"
125,PETCJAHHHHHHğŸ”¥ğŸ”¥ğŸ”¥ğŸ”¥ğŸ”¥
126,5:40 ada pak Muhammad ğŸ˜‚ğŸ¤£
127,"6:04 ded,, lo harus main filmm siihh"
128,2:42 STAN PRODUK LOKAL KUYğŸ”¥
129,SOOO GOODğŸ˜­ğŸ”¥
130,"11:02 air mata netes dengan sendirinya ... Bagus sekali, terima kasih."
131,Omg! Kerem bangetğŸ˜­â¤
132,Yuk Trending Yuk!!! ğŸ”¥
133,"WAH GOKIL KEREN PARAH, AH KACAU DAH . 
TRENDING KAN!"
134,GOKILLLL! keren banget ini. Part Nyanyi lagu Indonesia merinding bangeet!!
135,"SENENG BANGETT NONTON NYAAAA, MAKASIH 2020ğŸ˜­â¤ï¸ğŸ”¥ğŸ‰ğŸ™"
136,Favorite scene Coki Muslim wkwkwk the best lah wkwkwk
137,Yg suka atau sedih lihat rewind Indonesia 
138,Omgggg keren bgtttttğŸ”¥ğŸ”¥ğŸ”¥ğŸ”¥
139,MERINDING GILAAA KERENNğŸ”¥ğŸ”¥
140,"The best untuk semua yang udah berpartisipasi, peluk hangat online... keren abissssâ¤"
141,Pertanyaannya rewind 2019 kok ga ada woy?
142,"sooo creative, pesan yang disampaikan dapat ditangkap dengan baik. well done buat semua team dan konten kreator (youtuber) yang terlibat"
143,"keren parahh, semua yutuber yg gw tonton selama 2020 ada disini :""))"
144,KERENNNN BANGET WOILAH HRUS TRENDING 1
145,DAME it bro! Benar benar konsep nya sangat sangat menarik godd job for chandraliaw&aulion
146,Kerenn bangett! Sampe nangis terharu dan bangga sama indonesiağŸ˜­ğŸ’–
147,"Speechless, keren bangettt ini ğŸ˜­â¤"
148,that last scene tho..ğŸ˜¢ğŸ¥º
149,Keren banget si iniğŸ”¥ğŸ˜­â¤ï¸
150,Aaaaaaahhhhh~ UDAAAA GILLAAAA YA KALIAAAANN SEEEMUAAAAAAA~ KERREEENNNN PAAARRRAAAAHHHH~ DI SUASANA CHAOS BEGINI SUMPAAAAHHH VIDEO INI BENERRR2 AAAAHHHH~ GAK TAU LAGIIII MO NGOMONG APAAAAAAAA :'( BAIK2 TERUS KALIAAAAANNNN :')
151,AJG! DPT BGT VIBES NYA!!ğŸ”¥ğŸ”¥ğŸ”¥
152,Ajg gua lagi maskeran liat scene pak muh ğŸ˜‚ğŸ˜‚
153,im waitin..
154,"Nobody : .....
Me & my friend : Itu anak kecil siapa sih ğŸ˜‚"
155,"ğŸ¤£ğŸ¤£ğŸ¤£ ketawa ngakak pas main peran among us. ""Ini permainan fitnah online"". ğŸ¤£ğŸ¤£ğŸ¤£

Sama yg epic tu lagunya Lathi, emng yg mixing lagu jago ... ampun ğŸ™Œ"
156,Kerennnn bangett merindinggğŸ˜­ğŸ˜­ğŸ˜­ğŸ˜­ğŸ˜­ğŸ’œğŸ’œğŸ’œğŸ’œ
157,STANDING OVATIONNNNNN!!!!!!
158,"GREATT PRESENTTTT, UNEXPECT BGTTT PARAHHHâœ¨"
159,DAMN!!! What a great colaboration.
160,"Titip sendal, sblm trending
Awokwkwkw"
161,Keren bgtbgt!!!!ğŸ˜ğŸ”¥ğŸ”¥ğŸ”¥
162,"Good old days :"""
163,"Gua bakal kasih video ini ke anak gua nanti sih, agar dia tau susah dan duka tahun 2020, ini taun paling bersejarah sih menurut gue, taun dimana gua tau kerasnya kehidupan."
164,"GILAAAAA KEREN BANGETTTT!!! ğŸ”¥ğŸ”¥ğŸ”¥
Terima kasih banyak kepada semuanya yg terlibat dalam produksi video ini! Maju terus perYTan Indonesiaaa!!! #RI2020 ğŸ‡®ğŸ‡©ğŸ‡®ğŸ‡©ğŸ‡®ğŸ‡©"
165,"Ini sih Youtube Rewind ""The Next Level"" bravo...best of the best ever ğŸ‘ğŸ‘ğŸ‘ğŸ‘ğŸ‘"
166,3:41 anjayy ada bng budio Uwoee
167,Trendinggggkan ğŸ”¥ğŸ”¥
168,E P I C ğŸ”¥
169,video ini akan dipenuhi oleh komentar YouTuber ceklis
170,Tiba-tiba nagis aja pas sampe akhir (':
171,"Kerennnn bangetttt parahhhhhhh, nangis merinding ğŸ˜­ğŸ˜­ğŸ˜­"
172,Keren banget ğŸ˜­â¤
173,MERINDING KAGUM KEREN CAMPURRğŸ”¥ğŸ”¥ğŸ”¥
174,"Paling membuat saya terharu adalah scene nya Briptu Norman. Membuat saya bertanya2, KENAPA DIA KELUAR DARI BRIMOB? ğŸ˜‚ğŸ˜‚ğŸ˜‚"
175,This is Hi Quality production! EPICC
176,"Keren parah editannya .apalagi alurnya mantap dah .
Merinding dong :)"
177,10:10 kok yg 2018 nya ga di rewind?
178,Masterpiece!!!!!!
179,THE BEST INDONESIAN YOUTUBE REWIND EVER
180,THE BEST REWIND EVER GILEEEEEE HUHH!!!
181,3:10 Fillo VS EWING HD ğŸ˜‚ğŸ¤£
182,"The best Youtube Rewind Indonesia so far, cool!"
183,Saya ingin berterimakasih kepada semuanya yg berperan dalam karya ini. Terimakasih sudah membuat karya sekeren ini ditengah pandemi yg sedang kita hadapi. Bangga Indonesia punya kalian. Wajib jadi trending
184,YOU GUYS LITERALLY SAVES 2020 FROM THE WORST YEAR EVER!ğŸ˜­ğŸ˜­ğŸ˜­ğŸ˜­ğŸ˜­â¤ï¸â¤ï¸
185,Let's Goo Trending kennn ğŸ”¥ğŸ”¥
186,"When somebody love memaaaaaang, nusuukk"
187,"Sedih Merinding, Semua Jadi SatuğŸ˜­ğŸ˜­

Sedih, Sekarang Tahun Terakhir SkinnyIndonesia24 Di YouTubeğŸ˜­"
188,KERENNN PARAHHHHHHH GOOD JOB!!
189,sedih liat indonesia begini:(
190,LEGENDS! THEY'RE BACK!!
191,The best lah pokok Nya rewind 2020
192,omg. amazingâ€¼ï¸â€¼ï¸
193,DAMN BRUH ğŸ”¥ğŸ”¥
194,"Scene terakhir lagi mewek""nya, liat rambut andovi jadi hilang gua meweknya wkwk"
195,"8:48 zephyrus g14 gada kameranya kok bisa zoom......


Anw great video! Love it â¤â¤â¤"
196,4:16 gua tau refrensi darimana ini ğŸ˜‚ğŸ˜‚ğŸ˜‚ğŸ˜‚
197,"Sumpah gabisa berkata"" lagi. ğŸ˜­ğŸ˜­ğŸ˜­. Bye bye skinny24 ğŸ˜­ğŸ˜­ğŸ˜­"
198,Pecaaahhhhh pecaaaahhhğŸ”¥ğŸ”¥ğŸ”¥ğŸ”¥
199,5:00 raja terakhirğŸ˜‚
200,"I'm on tears! Thankyou for this art! such a beautiful yet heart-warming 14minutes video. You guys are awsome! 
Run out of words. No words. I'm on tears. Thank you guys!"
201,02:13 ada bang budi dong ğŸ˜†
202,"Merinding before credits, gila sih ini, ğŸ˜­ğŸ˜­ğŸ˜­"
203,MerindingğŸ”¥ğŸ”¥
204,"Keren parah, gak tau lagi pkoknya mau nangis aja ğŸ˜­â¤ï¸"
205,NANGIISSS !!! â™¥ï¸â™¥ï¸â™¥ï¸
206,HIGH CLASS.
207,KEREN BANGEETTT!!! Merinding pas part haninğŸ¥ºğŸ¥ºğŸ¥º
208,Sad endingğŸ˜­
209,"Beda kalau yg derect youtuber senior ...
Berkelas"
210,"ko gue nonton rewind malah nangis sih. cepat membaik indonesia, cepat membaik dunia ğŸ˜­"
211,7:53 Gatau ntah ngapa lgsung merinding
212,"kayak film yh, menghanyutkan ada senang, terharu, bangga, sedihğŸ˜Œ"
213,"It so amazing, bener-bener campur aduk!"
214,"GILA!!!!
sekeren itu, LIT ğŸ”¥"
215,Erico lim minder liat ini ğŸ˜‰
216,1:45 hit me on face
217,"keren parah demi apapun ğŸ¥º heran ajah, masih ada ajah yang ngeunlike -_-"
218,RespectğŸ”¥ğŸ”¥ğŸ”¥ğŸ”¥
219,"Heh yg nanges pas ending ka jo sama andovi keluar ke pintu merah siapa aja :"""
220,BENER BENER KEREN BGT!!!! TERIMAKASI UNTUK PARA CREATOR!! YOU GUYS ARE THE BEST! ğŸ˜­ğŸ’›
221,7:40 where are you now
222,"8:36 eh ada lele, mewakili kita2 yg wisudanya harus online :"")"
223,thank u so much for making this great art piece!
224,MASTERPIECE DAMN!!!
225,Keren banget ini mahğŸ‘ eit gue kepo sama yang dislike psti psukan yutuber yang nggak ada di sini nihğŸ¤­
226,Mari kita trendingkan kepuncak tertinggi Number 1 agar Indonesia tau inilah Youtube Rewind terbaik Indonesia! Yuk Trendingkan Yuk......
227,"Kereeeeeeeen bgtttt, semangat untuk 2021 semangat yukkkk byk hal yg menjadi pelajaran di 2021"
228,"4:13 ini keren bgt, Mashoooook."
229,How the f*ck its really god than 2019ğŸ˜³ğŸ¤£
230,2.42 DYNAMITEEğŸ”¥ğŸ”¥
231,Sayang ngga ada bang jess no limit :(( yang sependapat likeee
232,KEREN BANGET ANJERRRRRR PROUD OF YOU BANG CHAND DAN YOUTUBER LAINğŸ”¥ğŸ”¥
233,TER-EPICğŸ”¥ğŸ”¥
234,"Merinding berkali"" kayak pas nonton endgame suww"
235,"Terimakasih semua youtuber indonesia telah menghibur kami selama ini, salam indonesia."
236,KERENNNNNğŸ˜­â¤ï¸
237,kerennnnnnnnnâœ¨ğŸ”¥ğŸ”¥ğŸ”¥
238,7:52  ğŸ¥ºğŸ¥ºğŸ¥ºğŸ¥º
239,makasih banyak semua atas kerja kerasnyaaaa
240,keren bggddd woeeâœ¨
241,Yg gw Tunggu2 ğŸ”¥ğŸ”¥ğŸ”¥ğŸ”¥ğŸ”¥
242,"Kalo ada bang chandra liow dan kawan"" para YouTubers senior,ngga kaget pasti keren lahh,,
Good jobğŸ‘ğŸ‘"
243,KEREN BANGET ğŸ˜­â¤ï¸
244,Njirrrr ğŸ”¥ğŸ”¥ğŸ”¥ğŸ”¥ğŸ”¥
245,"And thatâ€™s how you do it! #RI2020 pastinya membekas di hati banyak orang dan diri sendiri, merinding sampe nangis :( thank u so much for the amazing opportunity, I got to be a part of something wonderful! Maju terus Indonesia â¤ï¸"
246,YOU GUYS LITERALLY SAVES 2020 FROM THE WORST YEAR EVER!ğŸ˜­ğŸ˜­ğŸ˜­ğŸ˜­ğŸ˜­â¤ï¸â¤ï¸
247,GAAAAAAAAAAAAAAAAAAAAAAAAAAK ADA OBAAAAAAAAAAT KEREEEEEEEN BETTTTT
248,"Gw jarang komen (hampir gak pernah malah), tapi harus komen. Gila sih parah banget keren!!!!! gokil, awalnya skeptis soal durasi yang sampe belasan menit. Ternyata bukan cuma rewind 2020, tapi rewind 1 dekade! Gokil great job semuanya! Wajib bangga! 
ğŸ”¥ğŸ”¥ğŸ”¥ğŸ”¥ğŸ”¥ğŸ”¥ğŸ”¥ğŸ”¥ğŸ”¥ğŸ”¥ğŸ”¥ğŸ”¥ğŸ”¥ğŸ”¥ğŸ”¥ğŸ”¥ğŸ”¥ğŸ”¥ğŸ”¥ğŸ”¥ğŸ”¥ğŸ”¥ğŸ”¥ğŸ”¥ğŸ”¥ğŸ”¥ğŸ”¥"
249,04:39 Pemuda Tersesat fans Real Madrid ğŸ˜‚
250,Respect for skinnyindonesian24
251,Ada pak Muh dong ğŸ˜‚ğŸ˜­â¤ï¸
252,"Rewind earth nanti taun 2069 , direkturnya mars."
253,4:14 Waduh mencerminkan sidang di DP-
254,Gila sih. Emang mantap kalo mereka yg bikin rewind ğŸ¤£
255,2020 waktunya singkat tapi banyak bgt yg udh dilaluin:)
256,parahhh parahh ini baru rewind ğŸ”¥ğŸ”¥
257,petjaahhhhhhhhhhhhhhhh â¤ï¸â¤ï¸â¤ï¸
258,WOWWWW KEREENNNN BANGETTTTğŸ˜ğŸ‘ğŸ‘ğŸ’–
259,"Sumpah si ini keren banget bikin aku nangis terharu, terima kasih yang sudah berpatisipasi dalam RI ini. Aku bahagiağŸ˜­"
260,Cryyyy :(( prouuddd!!
261,kok gua nangis ya :'))
262,Kerennnnnnnnnn
263,merinding woiğŸ˜­
264,8:10 iklannya nongol
265,"senang & sedihnya dapet, merinding brooo!!!!!!!! #RI20 gookkiilllll!!!"
266,REWIND INDONESIA 2020 PECAH!ğŸ”¥ğŸ”¥
267,i'm crying ğŸ˜­ğŸ˜­
268,Semoga tahun depan bisa jauh lebih baik! terima kasih 2020 atas segala tantangan
269,"Satu kata ""KEREN"" , thanks sudah menyatukan banyak perbedaan dalam satu frame, semoga Indonesia bangkit dan sehat kembali"
270,BOOM ini lah yg ditunggu gua speechlees and honestly itâ€™s great fantastic
271,"Cokkkk,menyalaaaağŸ”¥ğŸ”¥ğŸ”¥ğŸ”¥"
272,"Gimana sih cara like 999+ kali?????


Wajib trending ini mah"
273,"Keren banget sihh,good bye 2020;)"
274,Keren parahã… ã… 
275,"REWIND KALI INI BIKIN GW NANGIS ğŸ˜­ğŸ˜­ğŸ˜­ğŸ˜­ğŸ˜­ğŸ˜­ğŸ˜­ ga ngerti lagi udah bingung gw masih nyesek karna semua nyampur ğŸ˜­ğŸ˜­ğŸ˜­ keren iya, haru iya, menghibur iya, bingung gw bingung mau jelasinnya gimanaa!!!! Good job team #RI2020 ini sih jujur terbaikkkkks"
276,kerenâ¤ï¸
277,GOOOKIL ABISSSS ğŸ”¥ğŸ”¥ğŸ”¥ğŸ”¥ğŸ”¥ğŸ”¥
278,MantapppğŸ”¥ğŸ”¥ğŸ”¥ğŸ”¥
279,GILAGILAGILA
280,Terbaik rewind 2020 Indonesia ğŸ”¥
281,"ğŸ’¨ Ini rewind Indonesia versi lucu:

https://youtu.be/vrkUlw9HdJE"
282,"I cried so hard, also when i heard ""when she loved me"" in the background. JUST AMAZING"
283,OMGGGG THIS IS SO COOL!!! HOPE THE NEXT YEAR BECOMES A BETTER YEAR THIS YEAR IS A LOT OF TRIALS BUT THIS YEAR HAS A LOT OF MEMORYğŸ¥ºâœ¨
284,"SORRY I'M LATE, BUT, YOOOWW MAKE THIS TRENDING!!"
285,"GILASI BAGUS BANGETT

KUDU TRENDING INIMAH!!!"
286,I NEED THIS MASHUP MUSIC AVAILABLE ON SPOTIFY !!! ğŸ”¥ğŸ”¥ğŸ”¥
287,6:12 dark sidenya 2020
288,"Dang, this one is d best ğŸ˜” good job guys! U guys made it!"
289,The only thing that i wanna say is thankyou guysâ¤ï¸
290,"Speechless paraaahhhh pas liat mas anca, langsung keingettt jaman awal2 nnton yutub, nontonya malming mikoğŸ˜­ğŸ˜­ğŸ˜­ğŸ˜­ğŸ˜­"
291,11:40 time to say goodbye for old generation
292,"MAKASIH BUAT KALIAN YANG IKUT BERPARTISIPASI YOUTUBE REWIND INI, KALIAN SEMUA THE BEST! <3
#RI2020"
293,9:43 Epic Moment
294,4:27 scene yang paling gua suka wkwkwkwk
295,10:37 ericko lim tersinggung melihat ini
296,"waktu scene throwback gw nangis, jdi kangen youtube duluğŸ˜­"
297,"Kok gua nangis ya liat endingnya:"""
298,High Quality Content.
299,KELAAAAASSS SO EMOTIONAL!!
300,Let's go trending guys!!!!ğŸ”¥ğŸ”¥ğŸ”¥
301,One of the best youtube rewind ğŸ˜­ğŸ‘
302,SO AWESOME!!! ğŸ˜­ğŸ¤šâ¤
303,WHATSS THIS GORGEOUS!!!!!
304,I'm crying ğŸ˜­
305,Gemoyy parahh gilaaağŸ˜­â™¥ï¸â™¥ï¸
306,EPIC YOUTUBE REWIND INDONESIA 2020. merinding liaat nya
307,ğŸ˜­ğŸ”¥ğŸ”¥ğŸ”¥
308,"4:18
Kejadian yang tidak boleh terlupakan"
309,"ini keren banget jujur semua aspek nya keren!!! props buat semua yang terlibat, youâ€™ve worked hard!!!"
310,4:30 untuk melihat mas mas madura dan mas mas agnostik
311,THEBESTTTTTTT!
312,idk why terakhirâ€ nya bikin merinding and bikin terharu sumpah:(  welcome new generation
313,YOK TRENDING YOKKKK
314,"Kereenn weee 
Mau nangis saking kerennya:(("
315,Art in the end of the year ğŸ”¥ğŸš€
316,"Gila sih keren parah, semua genre YT Indo ada disini dan scene bendera merah putih juga merinding parah"
317,"MAS ANCA WITH MALAM MINGGU MIKO HIT ME SO HARRRRRD! Series youtube terrbaik hingga hari ini :"")"
318,10:17 GILA FKMOVERS (leaked character sebelah kiri keknya)
319,KERENNN BANGEEETTT!!â¤ï¸âœ¨
320,Best rewind so farğŸ”¥ğŸ”¥ğŸ”¥
321,4:15 dih kena mute....wkwkwk
322,thank you so much for such amazing rewind.. jadi semakin bersyukur aku lahir di Indonesia
323,TRENDINGGGGGğŸ”¥ğŸ”¥ğŸ”¥ğŸ”¥ğŸ”¥ğŸ”¥ğŸ”¥ğŸ”¥ğŸ”¥
324,"Gila"" mantep bat

Tapi pengen liat Bennymoza juga"
325,Sumpahh keren banget!!!merindinggğŸ¥º
326,10:40 siapa disini cita cita nya nangis ngeliat scene ini
327,"Merindiiiing keren pol , terima kasih sudah membuat ini untuk Indonesia ğŸ™ğŸ»ğŸ™ğŸ»"
328,Gilaaaaa Keren paraahhhhhhn ğŸ”¥ğŸ”¥ğŸ”¥
329,"Merindinggg sumpah, keren bgttttttğŸ’œğŸ’œğŸ’œ"
330,10:00 OMG â¤ï¸â¤ï¸ğŸ‡®ğŸ‡©
331,keren bgtğŸ”¥ğŸ”¥ğŸ”¥ğŸ˜­ğŸ˜­
332,Terbaik lah pokoknya terimakasih atas semuanya telah membuat video yg sangat bermakna ini ğŸ˜­ğŸ˜­ğŸ˜­
333,5:37 pak muh joget wkkwkwkwk
334,07:58 MERINDING GUA BANGSAT (ï¾‰*>âˆ€<)ï¾‰â™¡ MEMANG TERBAIK KALIAN
335,5:28
336,"Baru sadar di menit 2:51 chandra sempet""nya gantiin chef arnold"
337,Keren parahhhğŸ”¥ğŸ”¥
338,"GREATTT JOBBBB!!! kereennnn bgt! :"")"
339,Semoga Indonesia lekas pulih:')
340,leoooooo (ã¥ï¿£ Â³ï¿£)ã¥
341,"Wowww gilaa pecahhhhğŸ”¥ğŸ”¥ğŸ”¥
Go trending!!!!!!"
342,cak nan ğŸ˜­ğŸ˜­
343,"Gilaaaa sih ini, keren parahhh!!"
344,"Keren Bangetsssss
semoga Yang Baca Komen Saya Ini Semoga Di Tahun 2021 Mendapatkan Keberkahan Dunia Akhirat, Rezeki Yang Halalan Toyiban Aaminn YaAllah...."
345,"Keren Abis, Pesannya Dapet Bangetâœ¨"
346,"Another level bgt, sesuai ekspetasi, melebihi malah. Congrats! Finally, you're all back!"
347,Kereeen bangeet asliiii â¤ï¸ creator indo tuh keren2 moga aja tahun depan konten yg viral yg keren2 macam ini
348,GILA GILAA GILAA ONE OF THE BEST YTB REWIND!!!
349,"Merindinggg, bangga bangetğŸ˜­ğŸ˜­ğŸ˜­"
350,"Wuihhhh ""sugoi dekai"" temen-temen... 2020 emang luar biasa !!!"
351,"Kok keren sih anjing ğŸ¥°ğŸ¥°ğŸ¥°
Terimakasih yaa, terimakasih"
352,"Dammmmnnn this is yt rewind yg pling bikin merinding, salutttt sama bang chandra dan timnya"
353,"Terlalu keren, merinding gw"
354,SUMPAH!!! Keren bangetttğŸ˜­ğŸ˜­
355,THIS IS MASTERPIECE!!!â¤ï¸â¤ï¸â¤ï¸â¤ï¸
356,Terimakasih 2020 :')
357,Keren bgt kacauğŸ”¥
358,KERENNN PARS!!ğŸ”¥ğŸ”¥
359,Menyalaaa ğŸ”¥
360,GOOSEBUMPS CHANDRA THIS WAS AMAZING!!!
361,Wa bangsat keren banget..ğŸ”¥
362,"Mantap nih, gw bakal share ke semua temen gw biar tranding 1"
363,"YRI terkeren rennnnn yg pernah ada, pesan moralnya kena banget dgn moment"" 2020. Tahun yg penuh suka duka ğŸ˜¢"
364,4:13-4:40 kalian pasti udh pada tauğŸ˜…
365,KEREN BGT!!!!!!!!!!!!!
366,Youtube rewind best everrr everr everrrrr ğŸ”¥ğŸ”¥ğŸ”¥ğŸ”¥ğŸ”¥ğŸ”¥ğŸ”¥ğŸ”¥ğŸ”¥ğŸ”¥ğŸ”¥ğŸ¥³ğŸ¥³ğŸ¥³ğŸ¥³ğŸ¥³ğŸŠğŸŠğŸŠğŸŠğŸŠğŸ¤ŸğŸ»ğŸ¤ŸğŸ»ğŸ¤ŸğŸ»ğŸ¤ŸğŸ»ğŸ¤ŸğŸ»ğŸ¤ŸğŸ»ğŸ¤ŸğŸ» Thnks chandra and all ğŸ”¥ğŸŠğŸ¥³
367,Kerenn gilaakk!!
368,kerenn batttt!!!ğŸ”¥ğŸ”¥ğŸ”¥ğŸ”¥
369,"""Binasa hal-hal buruk""
#IndoPride"
370,Semoga tahun 2021 lebih menyenangkan dari tahun 2020. Aamiin ğŸ‰
371,Cieee ada Pak Muh â¤ï¸
372,Saya liat jerome dan leo:'
373,Kacauuu parahh kerennğŸ”¥ğŸ”¥ğŸ”¥
374,SCENE TERAKHIR MENGANDUN BAWANG ğŸ˜­ğŸ˜­
375,GOKILL
376,"Keren Banget, SumpahğŸ˜­"
377,Lathi x how you like that pecah ğŸ”¥ğŸ”¥ğŸ”¥
378,Keren abiezğŸ†–ğŸ†ğŸ”¥ğŸ”¥ğŸ”¥
379,MENYALAAA BANARRRğŸ”¥ğŸ”¥
380,"""HARUS TRENDING!""
""HARUS TRENDING!""
""HARUS TRENDING!""
""HARUS TRENDING!"""
381,"youtube as a door to begin but also ended it to a whole different life. you really got us, thank you for this great artwork!âœ¨ you will always be remembered."
382,11:32 Sad part ever ğŸ˜­ğŸ˜­ğŸ˜­
383,11:37 farewell from the old generation
384,"Kerenn parahh, merindinggğŸ”¥"
385,THE NEXT LEVEL OF REWIND ğŸ”¥ğŸ”¥ğŸ”¥
386,"This video Will make us cry;')
Thank you 2020ğŸ˜­
I Will remember you till i oldğŸŒ»"
387,THE BEST REWIND IN THE YEARğŸ’¥
388,0:12 WAP Reference
389,Thank you so much for working hard indonesia creators! this rewind almost made me tear up. Love you all â¤ï¸
390,the last scene of this video almost make me cry
391,2:13 Ehh Ada Bang Budi sama Frost Diamond wkkwkw
392,"3:01 ""Tatapan Membara By Chef Arnold"""
393,"gilaaa keren larah merinding gue ngeliat rewind tahun ini, gue jadi inget lagi jaman masih megang hape kotak nonton greates content creator ini. Gila sih ga bisa diungkapin kata2 KEREN PARAH POKOKNYA MAH"
394,Proud of y'all creator Indonesia.. thank you 2020ğŸ”¥ğŸ”¥
395,"I just wanna say three word for this Rewind..
Gorgeous
Amazing
Beautiful ğŸ¤©ğŸ¤©"
396,8:55 fixx epic moment
397,"Aulion 2015 :Buka Masker
Aulion 2020: Pake Masker
KONSPIRASI APAKAH INI ? wkwk"
398,This is a lit! ğŸ”¥ğŸ”¥ğŸ”¥
399,Best rewind ever ğŸ”¥ğŸ”¥ğŸ”¥
400,"Merinding sih, over all ini keren bangetğŸ”¥
Btw ada gue di menit 14:22"
401,"God damn this is awesome!! Waiting for this moment since 2016, big respect to Chandra liow, Aulion, and all youtubers that participate in this YouTube rewind. Specially Jovial and Andovi da Lopez, we will always remember you #mambamentality"
402,"The best youtube rewind compare last ye-- 
oh wait I thought this is Youtube rewind 2020.. sorry"
403,Gaskuen trending
404,2:23 my watermelon sugar â¤ï¸
405,"SAPA NAROH BAWANG DISNI WOY?! 

speechless this is good af"
406,"Banyak ""MAKNA"" 
Terimakasih semuanya!!!
Jangan lupa yang baca komen saya,sekarang Hari Senin Terakhir di tahun 2020."
407,Trending kan mntpp...
408,Itu ending nya nunjukin kalo ka jo sama andovi mau udahan dari youtube kan? Sedih banget asliiii
409,"THIS IS MORE THAN A REWIND, THIS SHOULD BE NOMINATED. YOU GUYS DID GREAT!!! SALUTE!"
410,"Keren banget, merinding sampe nangis. Not the best year but at least from this year we get many things to learn. Maju terus IndonesiağŸ’™"
411,9:19 akhirnya gua ngeliat kak regi
412,"Me see lord kungkingkang, me like it"
413,Anying keren gwa nangis nontonnya :â€))) Terimakasihh yaaakk
414,04:13 Bole juga nyindir nya wkwk
415,sad ending gini njirr ğŸ˜­
416,Semuanya pasti akan berlalu. EPIC CLOSING. #APPLAUSE
417,Sebagai orang kampung bangga bangetl Los Dol bisa masuk rewind. Ada yang sama?
418,4:38 = the best
419,Sumpahhh merindinggggğŸ˜­ğŸ˜­ğŸ˜­ğŸ˜­
420,10:57 memories bring back.
421,IT'S MASTERPIECE ğŸ˜­
422,3:30 HAW TO BECOMEğŸ‘
423,9:55 DAMMM!!
424,"I'm not crying, you're crying"
425,7:52 MRINDING BGT HANIN DHIYA ğŸ˜µ
426,THE BEST YOUTUBE REWINDğŸ‘ğŸ‘
427,"Harus trending, kualitas global ini mahğŸ”¥ğŸ”¥ğŸ”¥"
428,2:13 Wkwkwk ad Bang Budi
429,I got emotional from this video :')
430,OMG IM CRYINGGGğŸ˜­ğŸ˜­ğŸ˜­
431,Speechless. The legends has are here!!!
432,4:17 kang matiin mic jadi ingat seseorang hmm...
433,MasyaAllahâ¤
434,Keren parahhh ini mahh ...... Gasss terus biar trending yuhuuu
435,4:26 lort kita
436,The Best Rewind ğŸ’–
437,freakin cool!!!! trending in guys ğŸ¤©
438,"Jir yutub ampe ngebug jumlah viewnya kalah ma like wkwk

Youtube be like:""maaf lag"""
439,it gives me GOOSEBUMPS ğŸ‘ğŸ‘ğŸ‘
440,5:47 PAK MUHğŸ”¥ğŸ”¥
441,Gila keren bangeeeett ğŸ˜ğŸ˜±ğŸ˜­ğŸ˜­
442,Rewind Indonesia paling niat & kerenğŸ”¥ğŸ”¥ğŸ”¥â¤ï¸
443,BesssttğŸ”¥ğŸ”¥
444,"I AM LITERALLY CRIED, THANK YOU SO MUCH FOR THIS 2020 REWIND!!!
Semoga suatu hari bisa ada disini."
445,eh demi apa keren bngt ğŸ˜­ğŸ˜­â¤ï¸
446,"Mantap Keren parah 
~Temanggung Jawa tengah 28-12-2020"
447,"Chandra x aulion keren parah si, jadi nostalgia dimana para youtuber masih ngonten sesuai passion mereka :')"
448,YAALLAH FEEL NYA DAPET BGTT TERHARU
449,Kerennnnn bgttttğŸ˜ğŸ˜­
450,Waaah gokiiill merinding anjirğŸ”¥ğŸ”¥ğŸ”¥
451,PETJAHH GILAAAA ğŸ”¥ğŸ”¥
452,Menit 7:58 merinding benget:)
453,Merinding parahhğŸ˜­
454,Tim Pemuda Tersesat & Tercerahkan Hadir ğŸ™‹
455,ğŸ”¥ğŸ”¥ğŸ”¥ğŸ”¥ğŸ‰ğŸ”¥ğŸ”¥ğŸ”¥
456,PAAA MUHHHH!!
457,PECAHHH! keren bgt siiik ğŸ’œğŸ’œ
458,"Sedih bgt anjim scene terakhir :) knp si , skinnyindoesian cepet amat pergi :'((("
459,"Ngeriiii, merinding ğŸ˜­"
460,4:12 kaya ga asing
461,"Luar biasa profesional saudara"" team kreatif ğŸ˜‡ğŸ™ğŸ»"
462,Wow Lebih ke terharu bangga :) makasih semua atas kerja kerasnya memberikan inspirasi dan hiburan bagi kami warga Indonesia :)
463,Keren parahğŸ”¥
464,Parah ğŸ”¥ğŸ”¥
465,5:38 kaget banget ada pak muuuhhhğŸ˜ğŸ¤£ğŸ¤£
466,Gila keren banget merinding cokğŸ˜­
467,"Kurang afdhol, tidak ada habib Ja'far"
468,"Bikin trending 1 dulu

Btw aku telat 2 jam"
469,"PARAH, GILA!!!"
470,Cuma mau bilang ini keren bangetâ¤ï¸
471,Kerennn bingitttttt ğŸ˜ğŸ˜sampe merinding ntn nya ğŸ˜
472,Kereeeennn parah ğŸ˜ğŸ˜­ğŸ˜­ btw ada yg liat b-kent ga ?ğŸ˜‚
473,KERENN BANGETT GILAAA!!! MONANGISğŸ˜­ğŸ”¥ğŸ”¥ğŸ”¥
474,Oh God.. i can't say anything.. this is so Goddamn good
475,gokilllllll !!!!!!! semoga next time youtube rewind masih ada. terimakasih buat video ini :) jadi moodboster di kala masa kuliah online yang sangat berat.
476,"Ini terbaik, ngabğŸ’–"
477,keren bgt!! merindinggg ampe nangisğŸ¤©ğŸ¤©ğŸ˜©ğŸ‘
478,KacauğŸ˜­ğŸ”¥ğŸ”¥ğŸ”¥ğŸ”¥
479,terbaik di tahun ini tetap semangat berkarya untuk indonesiağŸ”¥ğŸ”¥ğŸ”¥
480,"Gilaa, hampir semua segment kaya gamers, horror, dll ada di sini. Great job semuanya ğŸ‰ğŸ‰"
481,MenyalağŸ”¥
482,KEREN BANGETğŸ˜­â¤ï¸
483,"Yahh youtuber otomotif gak masuk nihh sempat trending jimny challenge. armuh, ridwan hanif, om mobi, dan fitra eri"
484,bagus banget gila merinding ğŸ˜­
485,GOKSS!
486,"Saya merasa, saya turut serta atas video ini ğŸ”¥"
487,Apa cuma gua yg nonton nangis :) krn ngerasa berdampak aja dari semua bidang di 2020 ini.. sehat sehat semua! ğŸ’›
488,keren gilaa smpe gabisa berkata katağŸ”¥ğŸ”¥ğŸ”¥
489,SO EXCITEDDDD!!!! ğŸ‰ğŸ‰ğŸ‰ğŸ‰
490,MERINDINGGGğŸ˜­ğŸ˜­ğŸ˜­
491,"keren cuyy...

tp sedih 
ditutup dengan pergi nya dalopez bersaudara,,  "
492,EPIC SI INI â¤ï¸
493,#Flashbacks
494,"Bukan mainnn, keren banget sih gilaaaaa, epic banget, nangis gua anjir, epic parahhhhhh, thx 2020 #RI2020"
495,Hei caknan ikut jugağŸ˜­âœŠğŸ»
496,Gokilll ğŸ”¥ğŸ”¥ğŸ”¥
497,YOOO COMMENT TANPA EMOT SUPAYA TRENDINGGG
498,Endingnya sedihh T_T
499,KEWRENNN BANGETTR ğŸ˜­ğŸ”¥ğŸ˜­ğŸ”¥ğŸ‘ğŸ»
500,WAJIB TRENDING !!
501,KEREN BANGET BANGETANNNN GANGERTI LG NANGIS + ngulang berkali2 :')
502,"Rewind: *exist
Trending:""Understandable have a great day"""
503,"7:52 Suddenly got goosebumps n in tears :"""
504,"""Saya youtuber pemula""
""Saya ngedit tiap hari""
""Saya ngonten tiap hari""
""Mohon support nya temenÂ²ğŸ™ğŸ»"""
505,"Gileee bravooo!!!
Thank you for all memories 2020"
506,Ada buna masih hijaban alhamdulillahğŸ˜­â¤ï¸
507,"kalian be like: ""bang bang bts nya mana bangg????"""
508,THE NEXT LEVEL OF REWIND ğŸ”¥ğŸ”¥ğŸ”¥
509,10:00 epic banget sumpah ğŸ‰ğŸ‰ğŸ‰
510,"Holy, intentions dan stuck with u paling awal yup yup ğŸ˜ğŸ˜"
511,"So PROUD of you guyssss Terimakasih untuk kerja kerasnya buat yang berada dibelakang layar. Video ini sungguh lah bikin aku gabisa berkata-kata lagiiiii huhubiju shzkkajja intinya TERIMAKASIH ATAS KERJA KERASNYA, KALIAN SEMUA HEBATTğŸ˜­"
512,Bro this 2020 i will remember forever :)
513,"Thankyou 2020:""("
514,"Omg, This is so DOPE!!!"
515,11:22 demiii tuuuhaaannn!!!!ğŸ˜‚
516,10:30 sapa yang naro bawang oi
517,4:14 ngena banget moment nya.
518,"Well done, masterpiece ! Proud of you guys, ini luar biasa.."
519,masterpiece ğŸ”¥ğŸ”¥
520,gua nyesel nonton rewind ga beli yt premium anjim!!!! tp gilak sih sekeren iniğŸ˜­
521,"265 rb x ditonton tp likenya 426 rb, this is hack ğŸ¤£ğŸ¤£ğŸ˜‚"
522,Gak sanggup meninggalkan tahun 2020ğŸ˜¢
523,ğŸ”¥ğŸ”¥ğŸ”¥ğŸ”¥ğŸ”¥ğŸ”¥ğŸ”¥ğŸ”¥ğŸ”¥
524,2020 : Separuh lagu yg disini ada di Tiktok
525,(ï¾‰*Â°â–½Â°)ï¾‰((Â´âˆ€ï½€*))
526,"Wah, ada panutan gadget juga di Youtube Rewind tahun ini... hmmm, sepertinya menarique untuk dibuat video reactionnya ğŸ˜"
527,Ayee ğŸ”¥ğŸ”¥
528,WOW THIS IS SO COOOLLLL!!
529,Knp lagu WAP dimasukan jugaaağŸ˜­ğŸ˜­ğŸ˜­nangis tapi over all bagus banget wehh
530,GOKIIILLLLLLLLğŸ”¥ğŸ”¥ğŸ”¥ğŸ”¥ğŸ”¥ğŸ”¥ğŸ”¥
531,GOKIIILLLLLLLLğŸ”¥ğŸ”¥ğŸ”¥ğŸ”¥ğŸ”¥ğŸ”¥ğŸ”¥
532,Big applaus for you sir ğŸ‘ respect âœŠğŸ”¥ğŸ”¥
533,"Cukup seneng karena subs terbanyak cuma nongol 5 detik ğŸ‘ŒğŸ». 


#NegativeCommentWillBeForgiven"
534,Likenya lbih byk 2xdri yg nonton njirrğŸ˜‚ğŸ˜‚
535,"KEREN BGD GILAA ã… ã… ã… ã…  TERHARUU SAMPE LIATNYA, NANGIS BGD ã… ã… ã… ã… ã… ã… "
536,Yaallah merinding keren bgtttt
537,Keren bgt gelooğŸ”¥ğŸ”¥ğŸ”¥ğŸ”¥ğŸ”¥
538,Gilaaa gilaaa â™¥ï¸ğŸ˜­
539,7:56. MerindingğŸ˜µ
540,Ngeri... kerenn parahhhğŸ”¥ğŸ”¥ğŸ”¥ğŸ”¥
541,4:21 the best
542,3:09
543,"bikin ketawa, merinding, dan bikin nangiss diakhir. Keren parahhğŸ”¥ğŸ”¥"
544,Wah gokil merinding gua nonton nya keren banget ğŸ‘ğŸ‘ğŸ‘
545,sumpah demi apapun gw nontonin ini terharu banget :')
546,KEREN PARRAAAAAHğŸ¥º
547,growed up with u all :)
548,Keren parahğŸ”¥
549,"GILAAAA!!!!

Beneran Merinding Looooo
ceeeerrsssss!!!!"
550,Akhirannya Sponsor Red Dorz? ğŸ˜‚
551,Lah nangis akuu ğŸ˜­ great jobğŸ‘ŒğŸ»
552,KEREN BANGETTTTTTğŸ”¥
553,"INI MAHAKARYA
PRESTASI ANAK INDONESIA
MASA BODO DIBILANG OVERPROUD"
554,TrendingğŸ”¥
555,5:54 miko panggayo kok ga disebut di credittttt... eh bener miko kann ğŸ˜‚ğŸ˜‚
556,Better than... ahhh INTINYA INI DEBES!!ğŸ”¥ğŸ”¥
557,0:11-0:34 dibuka dengan sampahhhh
558,Kerensekaliiiiiiii terimakasih ğŸ’™ğŸ’™ğŸ’™ğŸ’™
559,"INI DA REAL REWIND WOIIIII!!!! Keren bangeet gilaak, merindiiing gue. Emang chandraliow x aulion ga usah di raguin lagiiii"
560,Apa cuma aing yg nunggu kirain ada erpan :v?
561,I M A PROUD INDONESIAN ! MERINDING !
562,MUSLIM SUDAH BERSABDA KAWAN KAWANğŸ¤£ğŸ˜­
563,2:41 ada foto 1d diujung kanan(ï¾‰â—•ãƒ®â—•)ï¾‰*.âœ§
564,best rewind that makes me cried
565,PecahhhğŸ”¥
566,Sumpah ga BOONG GUE NANGIS ANJINGGGGG sumpahhh semua team yang kerjain THX banget kalian gila!!!! GA BERASA GUE DI YOUTUBE UDAH 10 tahub
567,KERENN BANGET PARAHHHğŸ”¥ğŸ”¥ğŸ”¥
568,Teruntuk kak aulion dan bang chan thx bangeeeetttt~ kereeeennnnn~
569,Kekeyi glow upğŸ”¥
570,"Waahhh gilaaasihhh! Trend2 yg viral semua ada, dapet, lagu2 viral juga ada, youtuber2nya juga lengkap! Asli terbaik setelah tahun kmrn gaada, terbaik #RI2020! T.T"
571,Outstanding ğŸ˜
572,Merinding kereeeeeeeeeeeennnnn!!!!
573,This not a video.. but truly a masterpieceğŸ‘ğŸ¼âœ¨
574,"keren..! scene bendera Indonesia semangat nasionalisme nya dapet bgt. part paling kerasa itu pas ngadepin pandemi, dimana byk orang2 putus asa, tp kita semua bahu membahu utk turun dg sumbangsihnya masing2 buat nolong orang2 yg kena dampak scara lgsung. #janganbosanjadiorangbaik #RI2020"
575,kerennnn bangettttttttâ¤ï¸â¤ï¸â¤ï¸â¤ï¸
576,KEREN BANGEETTTTğŸ˜­â¤â¤â¤â¤
577,Respect buat kalian yg kreatif di bidangnya masing-masing ğŸ‘ğŸ™ terus lah berkarya dan menginspirasi
578,Berasa flashback nya ğŸ˜­
579,RESPECT ğŸ’¯ğŸ’¯ğŸ’¯
580,"me : dont wanna watch ri2020 everyone said so much bawang 
also : AAASHSHJSJSKS MASTERPIECE !"
581,"""Respect Is Earned Not Taught"" - Andovi"
582,2:55 tanboy kn
583,ANJIRR KEREN BGT LOVEEE !!!!ğŸ˜­ğŸ˜­ğŸ˜­â™¥ï¸â™¥ï¸â™¥ï¸â™¥ï¸â™¥ï¸â™¥ï¸ğŸ¤ŸğŸ»ğŸ¤ŸğŸ»
584,DAMNNN. YOU GUYS KILLING IT. CHEERSS ğŸ”¥ğŸ”¥ğŸ”¥ğŸ”¥ğŸ”¥ğŸ”¥ğŸ”¥ğŸ”¥
585,"amazingly, the music is very luxurious made by Eka Gustiwana and Prague Symphony Orchestra and adapted by Erwin Gutawa.  Give me goosebumps !!"
586,"Merinding coy, big applause ğŸ‘ğŸ”¥ğŸ”¥ğŸ”¥ğŸ”¥ğŸ”¥"
587,Best ever rewindğŸ”¥ğŸ”¥ğŸ”¥ğŸ”¥
588,DAMN!!!!ğŸ”¥ğŸ”¥ğŸ”¥ğŸ”¥ğŸ”¥ğŸ”¥ğŸ”¥ğŸ”¥
589,SPEECHLEESSSSSSS ! ğŸ˜­
590,5:47 ada pak muh!!!! I love u pak muuh!!!!
591,Conten cretaor old   rewind  ini mah bukan youtoub rewandğŸ˜‚
592,"DAMN, THIS IS SO COOL!!!"
593,"Fak !!!! Keren sih konsep nya.mengenang semua yg viral di 2020.
Tapi entah knapa kok ""CRINGE"""
594,"Terbaik, terniat ğŸ’ğŸ’
Spechless banget, kalian luar biasa ğŸ˜˜ğŸ˜˜
Go Trending ğŸ”¥ğŸ”¥"
595,"BEST...
Aulion never disappoint ,,,,"
596,keren parah bruuuvâ€¼ï¸ you got me crying there. this year has been the shittiest year ever. stay safe kalian semua
597,"where ""dinding pa dinding""?"
598,ğŸ˜­â¤ï¸ğŸ”¥ğŸ”¥ğŸ”¥ğŸ”¥ğŸ”¥ğŸ”¥
599,"Thank you semuanya udh ngehibur, memberikan konten yang bermanfaat, memberikan informasi dan motivasi, It's time to say goodbye, bye 2020!!"
600,UN1TY KEREN BGTT!! THIS WHOLE VIDEO IS AMAZING! AH SPEECHLESS PARAH. THANK YOU FOR MAKING THIS! CHANDRA & AULION GAPERNAH MENGECEWAKAN <3 YUK TRENDING
601,"KEREN ABIS PARAH, WAJIB TRENDING, MAKASIH SEMUA YG TERLIBAT DIVIDIO, JUJUR SEDIH PAS LIAT KA ANDOVI BUKA PINTU DORAEMONNYA, TAPI JIKA ITU YG ADALAH PILIHAN, LANJUT KA, SEMANGAT TERUS, SEHAT2 JUGA UNTUK SEMUANYA, TERIMA KASIH:)"
602,Take a moment to appreciate our Indonesian youtube creator! ğŸ‘ğŸ»ğŸ‘ğŸ»
603,"Kirain gue nangis karena cengeng, ternyata banyak yang nangis jugağŸ˜­"
604,GOKSSSSğŸ”¥ğŸ”¥ğŸ”¥ğŸ”¥ğŸ”¥
605,MASTERPIECE!
606,menutup worst year dengan masterpiece! goks!!
607,"Petjaaahhh, sampe merinding ke ubun2 ğŸ”¥ğŸ”¥ğŸ”¥"
608,Merinding liatnya :'( terimakasih 2020 :')
609,Terima kasih 2020... Membaiklah 2021 :')
610,Finally ğŸ”¥ğŸ”¥ğŸ”¥
611,"THIS IS THE TRUE REWIND....

FINALLY IT'S BACK!!"
612,"i don't deserve this, what a pure art from the heart ğŸ¤"
613,"11:34
Best moment, walaupun kalian berpengalaman, dan akan meninggalkan platform ini, bukan berarti kalian hilang di kenangan kami, see you in 2021 guys :)"
614,"Masker nya aulion ni mereng ni 
Tp gpp dehğŸ”¥ğŸ”¥"
615,11:40 GW NANGISSS:'
616,"Keren bangetğŸ˜­
Bingung antara seneng atau sedihğŸ˜­"
617,ğŸ”¥ğŸ”¥ğŸ”¥ğŸ”¥ğŸ”¥
618,Gilaakk kerenn mesti trending!
619,"BENERANN INI KEREN BGTTTTğŸ˜­ğŸ˜­, KALIAN SEMUA KEREN GUYS THANK YOUU!!â¤ï¸â¤ï¸â¤ï¸"
620,"Keren banget, monangisğŸ˜­"
621,Budi 01 gaming ikuttt woyyğŸ”¥ğŸ”¥
622,Kerennn ğŸ”¥ğŸ”¥ğŸ”¥
623,Kereeen banget ğŸ˜­ğŸ˜­ğŸ”¥ğŸ”¥
624,5:47 PAK MUHHHHHHğŸ˜‚ğŸ˜‚ğŸ˜‚
625,"Gokil keren bangetttğŸ”¥ğŸ”¥ğŸ”¥
Pas hanin nyanyi merinding langsung nangis dongg gue"
626,11:40 tiba-tiba air mata netes dengan sendirinya. ğŸ˜­
627,huaaaaa merindinggğŸ˜­ keren parahhh sii iniğŸ˜ğŸ”¥ğŸ”¥
628,"thanks kajo, bang dov, bang chan, ka nessie, dan bang aulion yang udah bikin video masterpiece ini, love you all"
629,BOOMMğŸ”¥ğŸ”¥ğŸ”¥GILAAA  KEREN PARAH!! :')
630,YouTube rewind Indonesia bukan maen keren AbissğŸ”¥
631,"Kak alffy, aulion, nessie cinta banget!"
632,11:20 Mas ancaaa yaampun kangen malam Minggu Miko
633,2:42 dynamite
634,KEREEENNN PARAHğŸ˜­
635,Mantap aja untuk gue ğŸ‘ğŸ’ª
636,Gilak Gilak Gilak ğŸ”¥ğŸ”¥ğŸ”¥
637,Kerennn bangetttttğŸ˜­ğŸ˜­ğŸ˜­â¤ï¸â¤ï¸â¤ï¸â¤ï¸
638,"Wah Gila sih, Keren Paraaahhh!!!"
639,3:10 jangan liat jendela ya teman-teman
640,ImfessifğŸ”¥ğŸ”¥ğŸ”¥ğŸ”¥ğŸ”¥ğŸ”¥
641,speechlessğŸ˜­
642,7:52 - 9:17 dan 10:25 - 12:03 scene yang sukses membuat saya merinding campur haru
643,Kerennn ğŸ”¥ğŸ”¥ğŸ”¥
644,"""Ga ada youtuber minecraft :("
645,"MERINDINGGG, KEREN PARAHH!!!"
646,the legends are back!!!
647,WAJIB TRENDINGGG INI MAHHH!! PETJAHHH BGT
648,"Speechless, keren bangett."
649,"Merinding, keren bangettğŸ˜"
650,THIS IS ART!
651,Keren parahhhğŸ”¥ğŸ”¥ğŸ”¥
652,"Keren banget anjir!!!, pas part terakhir nangis dong:)"
653,Terus Semangat!!!
654,"GILA SI INI KEREN PARAHHH, PROUD BGT WOYYYY"
655,Yang terharu nonton ini siapa aj ?ğŸ˜­
656,KEREEEEEEEN BGT OYY ğŸ˜­ğŸ˜­
657,"TRENDING!!!!!!
TRENDING!!!!!!
TRENDING!!!!!!"
658,Gileeeeeee keren bgttttt merindingggg ğŸ˜­ğŸ˜­
659,3:09 Jangan fokus ke Jendela Belakang
660,"Kok jd mewek gini nonton ini . Terharu bgt, emosi campur aduk ğŸ¥º"
661,I got goosebumps watching this
662,7:53 tanpa kusadari ternyata air mataku sudah mengalir :)
663,Keren parah merinding lihatnyağŸ˜­ğŸ˜­
664,"Speechless, please trending 1 pleaseeeeeeeeeee . Emo nangis......"
665,"Spechless, sedih, bahagia, ketawa liatnyaa huhuu, terus kepikir, aku berhasil lewatin tahun ini dengan baikâ¤ï¸"
666,Merinding bro !!!!
667,PECAHH PARAHHH SIH INIğŸ”¥ğŸ”¥ğŸ”¥
668,TRENDINGKANNğŸ”¥ğŸ”¥
669,Gils terlalu keren monangiss ğŸ˜­ğŸ˜­ğŸ˜­âœ¨ğŸ¥º
670,"Aaahh ga tau lah mau ngomong apa, MERINDING, KEREN!!"
671,MANTAPP!!! KERENN!!!!
672,"Gokil merinding asli, youtube rewind is back !!!!"
673,Keren Parah! Maju terus Youtuber Indonesia. Semoga semua masalah di tahun 2020 segera berakhir di tahun 2021. #WajibTrending
674,Menit ke 7 bangga jadi anak INDONESIA ğŸ”¥ğŸ‡®ğŸ‡©ğŸ‡®ğŸ‡©ğŸ‡®ğŸ‡©ğŸ‡®ğŸ‡©
675,MantappğŸ”¥ğŸ”¥
676,INI BARU KERENNNNğŸ”¥ğŸ”¥ğŸ”¥
677,WHOAAAA KEREN BUKAN MAEN!!ğŸ˜­ğŸ”¥
678,"Musiknya parah keren all in one. Di awal bingung, pertengahan ngakak, endingnya ngeluarin air mataaa....."
679,"Watching this got me thinking, it's like, those senior youtubers be watching indonesian youtube quality lately and be like : ""aight fam, they need our help"" and so this beauty exist."
680,"""Youtube rewind 2020 upload""

Youtube: haha trending go brrrr"
681,Masya Allah Lesti kejora
682,"We miss you bro
SKINNYINDONESIAN24

All people said : ""Legends never die"""
683,best rewind! bring me back the old timeeee
684,Yuk trending dengan cara like vidionya
685,"WOIII GILAAAA MERINDING PARAHHHH, KERENN BATT ANJIRR AHHHHğŸ˜­ğŸ˜­ğŸ˜­ğŸ˜­âœŠâœŠâœŠâœŠâœŠâœŠâœŠ"
686,"Terimakasih untuk kalian semua dibalik pembuatan video ini. Saya berpikir bahwa dengan adanya video ini, tahun 2020 saya tidak bgitu buruk. Thank you so much"
687,6:00 banyak yg niruin podcast om dedy and fact ğŸ˜
688,"Gila ! Merinding terus nontonya, Chandra & Aulion what a great combination, everyone in this video, thank you for making this masterpiece, full support for every content creators in Indonesia ! â¤ï¸"
689,Mari Bersama Sama Bikin TRENDING !!!
690,"there is no word can describe how i feel when i watched this, speechless :"") keren bgt nangis :"""""""
691,2:13 ada om budi coy
692,TRENDING KAN. KAWANNNNNNNNNN
693,The haunted of hill house âœ¨
694,9:20 keren parahhh MERINDING WOYYYY LAH
695,"Ada Dynamite ğŸ’œ, smuanya keren keren, amazing. menangis pas scene corona, smoga th 2021 corona hilang.. aamiin.aamiin ya rabbal alaamiin.."
696,TRENDING!!!!!!ğŸ”¥ğŸ”¥
697,"3 kata yang terucap ""MERINDING, EPIC, AMAZING"""
698,"TRENDING!
TRENDING!
TRENDING!
TRENDING!"
699,"Parah bang bim g ikut,,the one and only enjoy aman :'v"
700,I know yaâ€™ll be worth to wait:)
701,MASTERPIECE!!!
702,ini ytb rewind indonesia paling damn ğŸ”¥
703,KERENNNNNNN ğŸ”¥ğŸ”¥
704,"GUYS, THANK YOU SO MUCH! (emot nangis+lope lope+blink blink). Sumpah gatau mau bilang apa lagi selain terima kasih, video ini bener2 jadi obat buat kita semua. Semoga masyarakat Indonesia sehat dan sejahtera semuanya, aamiin."
705,"Ini apaan sihhğŸ˜¡,KOK KERENZ BI
NGITZZZZZZZğŸ”¥ğŸ”¥ğŸ”¥"
706,kerennnnğŸ¥ºğŸ˜­â¤
707,"OH GODNESS, SPEECHLESS REWIND TAHUN INI KEREN ğŸ¥ºğŸ¥ºğŸ˜­ğŸ˜­ BIKIN MERINDING!!! INI BARU KONTEN SESUNGGUHNYAğŸ‘ğŸ‘ğŸ™ğŸ™"
708,"Keren banget sih ini. Selama pandemi ini, youtube yang selalu menjadi hiburan. Rewind  Indonesia 2020 ğŸ‘ğŸ‘"
709,This is epic!! But i need moreğŸ˜­
710,8:22 merinding dengar ny
711,Keren bgt nangiiiiissssssssğŸ˜­ğŸ˜­ğŸ˜­ğŸ˜­ğŸ˜­
712,Damn ğŸ”¥ ğŸ”¥ ğŸ”¥
713,6:22 backsound kaya di bad genius ya
714,KEREENNN POLLL!!ğŸ˜­ğŸ”¥
715,"KEREN PARAH, MERINDING"
716,"Konsep, take shot, editing, lighting, music, custom & make up, semuany melebur jadi 1..Mantapp ğŸ‘ğŸ‘

Semoga tahun 2021 menjadi lebih baik"
717,KerennğŸ”¥ğŸ”¥ğŸ”¥
718,Kayak nya ini yang terbaik dari semua rewind dah
719,TRENDINGKANNNNNNğŸ˜­
720,"THE LOVER MV INSPIRATION, SWIFFERS WE WON!"
721,"meaningful, this is what I expect from Indonesian creator. Good job guys, thank you for the hard work."
722,"ORANG GILA!!!! GW MERINDING:""""""""
THANKYOU BUAT SEMUA ORANG YANG TERLIBAT<3"
723,I GOT GOOSEBUMPSSS OMGGG THIS IS SOO COOOL!!!
724,This video makes me cry:') Let's go trendingggg!!!!!
725,finally youtube rewind indonesia 2020 up. OVER ALL WELL DONE. GO GO TRENDING!!
726,NANGISS!!!!! KEREN BANGET MASYALLAHğŸ˜­ğŸ˜­ğŸ˜­
727,This REWIND deserve more like!
728,TRENDING PLSSSS
729,"i started getting goosebump by the time hanin opened her mouth:"") 2020 may not be the best year, but it gives us lesson the most.

PANJANG UMUR SEMUANYA <3"
730,I'm literlal in tears. This soooooo coolğŸ˜­ğŸ˜­
731,19:20 Halo gaes David diHaPe :v
732,"Asliii keren, merinding nontonnyağŸ”¥ğŸ”¥ğŸ”¥"
733,4:45 sindiran yang sangat mantap dari murid chef arnold wkwk
734,"This is EPIC Youtube Rewind !!!
Gilaaaa pecahhhhhh broww"
735,PECAHHHHHHHHHH BOSSSSğŸ”¥ğŸ”¥ğŸ”¥ğŸ”¥ğŸ”¥
736,I remember like it yesterday~
737,Keren bangeet yakali gk trending :')
738,The Best Ini MahğŸ”¥
739,Keren parahhh!!! Go trending!!
740,Agung Hapsah in frame.. i suddenly smile..
741,2:52 Ada easter egg Chandra jadi Chep Arnold dong ğŸ˜­ğŸ˜­
742,"6:15 tusss, langsung berasa sedih bgt. Tetap semangat, sehat dan terus maju kawan kawan"
743,WOW!!!!! MAKASIHHHHH BGT BAGUS BGTTTTT!!! ğŸ¥ºğŸ¥ºğŸ¥ºğŸ¥ºğŸ¥ºâ¤ï¸ğŸ™ŒğŸ»ğŸ™ŒğŸ»
744,"Best banget dah, bener bener ini bukan era kamu lagiğŸ”¥ğŸ”¥ğŸ”¥â¤ï¸â¤ï¸â¤ï¸â¤ï¸"
745,KEREEEENNNNN BANGEEETTTTTTTTT!!!!!!!!!!! ğŸ˜­ğŸ”¥ğŸ”¥ğŸ”¥
746,TRENDINGğŸ”¥ğŸ”¥ğŸ”¥ğŸ”¥
747,KEREN BGTTTT HARUS TRENDING SIH INIII!!!
748,9:36 rindu banget sama konten buatan dia
749,Merinding liatnyağŸ˜­ğŸ”¥ğŸ‘ğŸ»
750,"4:29 COKI,TRETAN MUSLIMğŸ¤£"
751,That's greatğŸ˜­
752,"Nonton nya 265rb
Like videonya 411rb"
753,MERINDINGGGGGğŸ¥ºğŸ”¥
754,Gass trendingğŸ”¥ğŸ”¥
755,KEREN BANGETT !!! ğŸ˜­â¤â¤ğŸ”¥ğŸ”¥ğŸ”¥ğŸ”¥ğŸ”¥
756,Kenapa yaa ada yg dislike?
757,"jadiin ini trending, please!!!!ğŸ”¥ğŸ’–"
758,Aaa nangis dong endingnya ğŸ˜­
759,WOY LAHH!! ğŸ˜­ğŸ˜­ğŸ˜­ğŸ˜­ğŸ”¥
760,Waw like nya aja sampe ngalahin viewrsnya amazing ğŸ‘ğŸ‘ğŸ‘
761,EDITINGNYA KEREN ANJING!
762,YaAllah ada pak muh gemes banget woyyy wkwkwkw luvvv pak muhhh
763,Endingnya tolong nangis ğŸ˜­ğŸ˜­ğŸ˜­ğŸ˜­
764,Yang nonton 200rban yang like bisa 400rb gokill ğŸ‘ğŸ‘
765,kereenn abissssğŸ˜­ğŸ–¤
766,Kerennn ğŸ”¥ğŸ”¥ğŸ”¥ğŸ”¥
767,KEREEEEEEENNNN ğŸ˜­ğŸ˜­
768,4:26 ngakak
769,10:34 nangis kejar bgt di bagian ini :(
770,KEREN BANGET ğŸ˜­ğŸ˜­ğŸ˜­ğŸ˜­ğŸ˜­ğŸ˜­ SO PROUD !!!
771,ğŸ”¥ğŸ”¥ğŸ”¥â¤ï¸â¤ï¸â¤ï¸
772,14:2
773,"MERINDINGGGGG, KEREN BANGET! BTW SALFOK SAMA MAS ANCA WKWK AUTO KANGEN MALAM MINGGU MIKO HUHU"
774,"Lord Chooouaakii and Lord Treeetaan !

I see Coki Pardiedie and Lord Tretan....Auto Like ğŸ‘ ğŸ‘ ğŸ‘ ğŸ‘ ğŸ‘ !"
775,KEREENNNN BANGETTTT ğŸ˜­ğŸ˜­ğŸ‘ğŸ»ğŸ‘ğŸ»ğŸ‘ğŸ»ğŸ‘ğŸ»ğŸ‘ğŸ»
776,"Merinding gua, kedinginan"
777,HARUS TRENDING INIHHHHHH!!!!!
778,Gila merinding sih dari semua segala aspek memang perfect ğŸ™ ini yg kami tunggu. Di akhir sangat menyentuh dimana kita di bawa mundur/flashback :(
779,"Vidionya keren, sangat bangga

Tapi entah kenapa saya sedih"
780,SO LITTTTğŸ”¥ğŸ”¥ğŸ”¥ğŸ”¥
781,Demi apapun ini keren bangetğŸ˜­ i can't stop crying broğŸ˜­ğŸ˜­ğŸ˜­ğŸ”¥ğŸ”¥ğŸ”¥
782,"Rans bapau gk da boss??
Why????"
783,Kerenn parahh woyyyyğŸ”¥ğŸ”¥ğŸ”¥
784,mau nangis keren banget <3
785,Mas anca ya allah ğŸ˜­
786,14:12
787,Semangat Indonesia ku tercintaâ¤ï¸ğŸ˜­
788,Apa cuman gw yang lihatnya ampe merinding?
789,sumpahh the best youtube rewind ever!!! btw sedih baget endingnya huhuhuhuhu
790,Keren parahâ¤ï¸
791,TRENDINGKANâ¤ï¸
792,Sumpah ini harus trendingğŸ”¥ğŸ”¥ğŸ”¥
793,"Gua salut sama vidio nya tapi gua kecewe LORD BOCIL KEMATIAN GAK ADA.
SIAPA DI SINI CITA CITA NYA INGIN...."
794,Siapa yang merinding di 7:50 ?
795,GILAA KERENNN BGTT ğŸ”¥ğŸ”¥
796,keren banget!!ğŸ˜­ğŸ˜­ğŸ’›
797,keren bnget woi ğŸ˜­
798,"Gw heran, masih ad yg ngedislike karya sebagus ini"
799,"Gua nangis lihat nya karena gua termotivasi main ytb dari senior senior ytb ini, dan sekarang skinny nya keluar ğŸ˜­ğŸ˜­ğŸ˜­, panutan gua bekurang deh"
800,2020 yang nyaris merenggut kebebasan
801,"this is too good that i cried! ğŸ˜­. thank you chandraliow, tim2one, aulion, and all amazing people who were participate in this masterpiece. let's make youtube a better place with all your creations! ğŸ’™ğŸ’™"
802,"Youtube Rewind : Upload
Content Creator : My Adsense, Lets React This ."
803,10:40 makes me cried omfg
804,"this year gonna be remembered for all of us btw shou out to the team, they're really did well

thank you so much!"
805,"10:26 ajg merinding parah Dengan konten dlu dan muka"" lama telah pergi ğŸ˜­ğŸ˜­"
806,We need that that kind of round of applause! YESSSS!!
807,You will know this is a great art when it give you a goosebump....... great job everyone :)
808,"WOYYY apa INIII?? THIS SHIT IS LITTT, Tanah Air Indonesia ğŸ”¥ğŸ”¥"
809,"2:19 gula semangka play
2:37 van anyone explain that 1D photo right?"
810,9:20 Halo gaes David diHaPe :v
811,ASTONISHING!!! GREAT WORKğŸ˜­ğŸ˜­ğŸ˜­â¤â¤
812,Epic!! Legendary!!
813,Endingnya sad bye skinnyindonesian24 we all love youğŸ˜­
814,I love this rewind ğŸ˜­â™¥ï¸
815,"AAA NANGISS, MERINDING, GOKILLL, GILAAA SI INI KEREN PARAAAAHHHHHHHHHHH (emot nangis banyak banyak + love)"
816,Trending satu INSYA ALLAH
817,Such a Masterpiece! Great Work!!!!
818,"265 ribu di tonton, 440 ribu like 
youtube = be like  :v"
819,Everyone this is masterpiece from IndonesiağŸ¥º
820,GOKSSSSSSSSSSSSSSSSS ğŸ”¥ğŸ”¥ğŸ”¥
821,WAH KEREN PARAAAHHH!!! ğŸ”¥ğŸ”¥
822,PETJAHHHHâ¤ï¸ğŸ”¥
823,Yaallahhh:)â¤
824,ALIGGGGG PARAHHHHHHğŸ˜­ğŸ˜­ğŸ˜­
825,2:13 ADA BANG BUDI WEEEE
826,lit ğŸ”¥ğŸ”¥ğŸ”¥
827,SUMPAH KEREN BANGET ALIGGGGG MERINDINGG DEBEST POKOKNYAğŸ”¥ğŸ”¥ğŸ”¥ğŸ”¥ğŸ”¥ğŸ”¥ğŸ”¥ğŸ”¥ğŸ”¥
828,MiawAug Mana ğŸ˜­ğŸ˜­
829,"""Maaf telat 3 tahun"" ğŸ˜­"
830,4:14 wkwkw di mute
831,Keren banget gilağŸ˜­â¤ï¸
832,Keren bgtt demi apapun.. Salut sama semua org yg turut membuat videonya. ğŸ‘
833,Tetap semangat dan selalu berkarya untuk negeri indonesia ini para inspirasiiğŸ¥°
834,11:28 i see my lord
835,Penutupan tahun yang epic  ğŸ”¥ğŸ”¥ğŸ”¥
836,KERENN BANGGETTT SAMPE MERINDINGGG :')
837,The besttt rewindddâ¤ï¸
838,4:14 Huweee jadi keinget Mbak JagoğŸ˜­ğŸ˜­ğŸ˜­
839,Emosinya dapet banget ditambah alurnya yang jelas ğŸ˜­
840,Youtube broken after the national tv station join
841,Kereeeeeeeeeeeennnnn ampe merinding paraah guaa..... âœŠâœŠ
842,MasyaAllahğŸ˜ğŸ˜ğŸ˜­
843,Yuk bisa yuk TRENDING AYOKKKKKK
844,14:02
845,Merinding gila nontonnya GG emg klo timtwoone yg directeed
846,merinding ğŸ˜­ğŸ˜­
847,WOOOOOO ADA EDHOZELL
848,14 menit yang seperti menjadi 2 jamğŸ˜­
849,"HEY! APA-APAAN INI? KENAPA BIKIN NANGISSSS? HUAAAA
GREAT JOB YOUTUBER INDONESIA!! (EMOT NANGIS KEJERR)"
850,On tranding â¤ï¸
851,"Terima kasih Ka Jovi & Kak Dovi udah nemenin aku sejak aku mulai punya youtube, kalian inspirasikuâ¤"
852,"Karen banget (:
Semoga trending hemm"
853,"jadiin ini trending, please!!!!ğŸ”¥ğŸ’–"
854,"sumpah demi apapun nonton ini sampe nangissss, cepat pulih lah Indonesiakuuuâ¤ï¸"
855,Lah jumlah likes lebih banyak dari yang nonton. Amajing
856,Merinding ğŸ”¥ğŸ”¥ğŸ˜­ğŸ‰
857,Give alok bang!!!!
858,BADAASSSS!!! GOKILLLLL!!!
859,gokil sih ğŸ”¥ğŸ”¥ğŸ”¥
860,"kok jadi sedihh, feel nya dapet bgtt:("
861,what a masterpiece.
862,"KEREN PARAH, PENUTUPAN 2020 YG INDAH ğŸ˜­"
863,Isinya orang2 HEBAT SEMUAAğŸ˜­
864,Sayang banget gak ada mak beti yg selalu trending yt :(
865,"Dibikin merinding, dibikin nangis! GOOD JOB SEMUANYA!!! Aaahhh masih maunangiss gatau kenapaaağŸ˜­ğŸ˜­
Kalian semua telah bekerja keras! Bangga banget bisa tau kalian, kenal kalian, akan selalu jadi motivasi untuk aku dan kawan lain! Terimakasih semuanya!!!!ğŸ¥ºğŸ¥ºğŸ¥ºâ¤ï¸â¤ï¸â¤ï¸"
866,"Dari smua yt rewind ini yg paling sad :"")"
867,KERENN BANGETTT MONANGESSğŸ˜­â™¥ï¸
868,KOMEN JANGAN PAKAI EMOTE PLEASE BIAR TRENDING!!!
869,TRENDINGGGGGGGGGGGGGGGG
870,Astaga gue telatğŸ˜­ğŸ’—
871,weshh gelaaa sehh ğŸ’•
872,"""ANJAY"" udah terbit"
873,"Baguuuuussss bgttt huhuhu terima kasih bang yon, tim2one dan semuaaaa (emote love banyak bgt)"
874,GASSSS TRENDINGGGGGGGG YOOOKKKKKK......!!!!!!!!!!!!
875,GILA! KEREN PARAH SIH HARUS TRENDING! Keren bgt sumpah!
876,11:53 pintu kemana saja milik Doraemon ğŸ˜…
877,"Gk ada bang windah yak wkwkwk. But good job guys, kerennn gilssssss ğŸ”¥ğŸ”¥ğŸ”¥ğŸ”¥ğŸ”¥ğŸ”¥ğŸ”¥ğŸ”¥ğŸ”¥"
878,Merindinggg !!!! ğŸ¥ºğŸ¥ºğŸ¥º keren bgt
879,"GILA PARAHH KEREN,,
Ini lebih niat dari tahun 2018 kemarin.."
880,Bagus banget. Keren banget dan kena banget di hati ğŸ˜­â¤ï¸ thank you #RI2020
881,9:23 Legend is back
882,Omg speechless ğŸ’™ never ending goosebumps ğŸ˜­
883,"THIS IS REALLY AMAZING GUYS, THANK YOUğŸ˜­â¤ï¸"
884,11:35 sad momentğŸ˜­ğŸ˜­ğŸ˜­ğŸ™ğŸ‰ğŸ‰â¤ï¸â¤ï¸â¤ï¸ğŸ”¥ğŸ”¥ğŸ”¥
885,"""Hallo gays David disini dan ini adalah reaction Rewind 2020"""
886,"That ending, make me wanna cry ğŸ˜¢"
887,PERFECT WOYYYYğŸ”¥ğŸ”¥ğŸ”¥ğŸ”¥
888,"0:01

if you wanna repeat this ;)"
889,4:34 HAH??!
890,"SkinnyIndonesia24
We're salute to you. Thanks for everything man! See yaa!"
891,Respect you all <3
892,"waw baguuss bangett doongg, dang it!â¤ï¸ what a great jobğŸ™ love youuu all"
893,Gilaa sihh iniğŸ˜­ğŸ˜­ğŸ˜­ keren bangetğŸ˜­ğŸ˜­ nagis nihâ¤ï¸â¤ï¸â¤ï¸
894,"THIS IS A MASTERPIECE, THANKS FOR THE HARD WORK!!! SEHAT SEHAT KALIAN SEMUA â¤â¤"
895,"THIS IS AWESOME, THANKYOU FOR ALL OF YOU"
896,We want to see the progress behind this amazing project
897,"Tips nonton #RI2020
""Pakai Headphone""
Viper4Android: helo there"
898,"Amazing, I N D O N E S I A. Proud."
899,this eccentric Wes Anderson-style of Youtube rewind is just so fuckin' awesome!
900,Bruh this pretty much brings us back to the time where people put on so many effort to make a youtube videos :))) good old day â™¥ï¸ this is insane sooooo proud âœ¨â™¥ï¸
901,9:57 mashup how you like that vs lathi oke juga ğŸ”¥ğŸ”¥ğŸ”¥
902,"I don't know why I cried when I saw this amazing video:"" .. I mean this is so WOW!"
903,Avv~ Keren bangedd good job allâ¤ï¸ Fighting-!!
904,THIS IS FIREğŸ”¥ğŸ”¥
905,TERIMAKASIH KALIAN SEMUA LUAR BIASA
906,Pas scene moment nostalgia scene ytb rewind 2018 ga muncul awowkok
907,11:35 bikin merinding huhuhu
908,INI GUE BNERAN NANGIS ELAHH SPEECHLESS KEREN BNGEET!!!!ğŸ˜­ğŸ˜­ğŸ’—ğŸ’—ğŸ’—ğŸ’— YOU GUYS DID IT GREATTT!!!!
909,"otw trending bcs:
concept âŒ
cinematography âŒ
coki muslim âœ…"
910,"Menguras emosi, this is litğŸ”¥"
911,LET'S GO TRENDING!!!
912,sinta jojo still legendddd ğŸ˜
913,"Merinding pas liat bunaa, kangennn bunaa yg kemarinnğŸ˜­ğŸ˜­ğŸ’–"
914,TrendinggggğŸ”¥
915,2:51 marukk wkwkwk
916,"4:14 Impostornya yang matiin mic woiğŸ˜‚ , jadi inget waktu demo wkwkw"
917,Keren banget paraaah ğŸ”¥ğŸ”¥ğŸ”¥
918,Mash-up musicnya topğŸ¥ºğŸ¥ºğŸ˜­ğŸ˜­
919,"Thank you atas kerjasamany:))
#Ri2020
#kaliankeren
#salamhangatindonesia"
920,Masterpiece!!!
921,MasyaAllah.. keren sih ini \Â°Â¤Â°/
922,KerenğŸ”¥ğŸ”¥ğŸ”¥
923,Woylaaaaa kerennn parahhhh salutttğŸ˜­ğŸ˜­â¤ï¸â¤ï¸â¤ï¸
924,PAAKKK MUHHH ğŸ¤£
925,CLASSğŸ”¥ğŸ”¥
926,FIX KEREN BGTT!!ğŸ¤©ğŸ‘ğŸ”¥ PLS HARUS TRENDING!!!
927,"THIS IS SO DAMN AMAZING
nonton ini such a riding rollercoasters ketawa, nangis, ketawa, nangis ğŸ¤§

ok i have a message for u guys, i know this year is not the best year for us but please remember this year as the year to be grateful for every little good thing that happened."
928,"SENYUM, KETAWA, SEDIH SEMUA NYA BERASA. KEREN BGTTTTTTâ¤ï¸"
929,KEREN PARAH RI 2020!!!ğŸ”¥ğŸ”¥
930,9:21 ada aubrey cooook ğŸ”¥
931,"di detik 11:05 ih banyak flash back,sedih+ngekek kalo diinget inget lagi :"")"
932,"KEREN BGT SUMPAAH ASLI MERINDINGGG PARAAAHH!! GOOD JOB PARA KREATOR, LUAR BIASAA!!"
933,like akan trending!
934,"Keren banget , nangis banget pas bagian lulus di tahun ini online :â€™) huaaaa"
935,"Satu kata.KEREN

#TRENDING
#TRENDING"
936,all of you are amazing<3
937,"Keren parah siiih, bangga bat jadi warga indo:')"
938,"Nangis parah:)
Tahun ini benerÂ² tahun dimana banyak orang yang berdukağŸ˜”
YaAllah semoga tahun depan ngga ada lagi kejadian buruk kaya ditahun 2020 ini:("
939,Ini keren bangettt!ğŸ¥ºâ¤ï¸
940,4:28 sumpah ngeri euyy... panutan kita semuaaa
941,9:45 ga ada obattttttğŸ¤˜ğŸ¤˜ğŸ¤˜
942,"makasih udah include un1ty, semoga makin banyak yg ngepoin mereka â¤ï¸â¤ï¸â¤ï¸"
943,Wajah lama YouTubers bermunculan  senang aku
944,7:01 Hideo Kojima (Zhang purnama) ngapain ikut rewind indonesia?
945,merinding bgt.... keren bgt!!! so proud
946,so pround of you guys. ğŸ”¥
947,Astaga mo nangid ğŸ˜­ğŸ˜­
948,Terhura sayaaaa!!!
949,Wah gila sih pengen nangisğŸ˜­ğŸ˜­ğŸ˜­
950,saluttt bangettt gue sampe nangis liatnya feelingnya ngena bangettttt
951,10:16 bang ridwan dengan kostum Captain justice nya
952,Epic ğŸ”¥ğŸ”¥ğŸ”¥ğŸ”¥ğŸ”¥ğŸ”¥ğŸ”¥
953,Keren abissssssğŸ˜­ğŸ˜­
954,nice project ğŸ˜­ğŸ”¥
955,Pecahhhhhhhh ğŸ”¥ğŸ”¥ğŸ”¥
956,ğŸ˜­ğŸ˜­ğŸ˜­ğŸ˜­ğŸ˜­ğŸ˜­ğŸ˜­ KAENPEEEE BRANDOO SANG PANUTAN TIDAK ADA EWEUWEWEWUEUWUEUEUEğŸ˜­ğŸ˜­ğŸ˜­
957,Wahh bagus banget yaaaâ¤â¤â¤ yah aku telat maaf yağŸ˜¥
958,"Cara trending:
Jangan komen pake emot
Saling like komen orang
Saling balas komen orang"
959,"4:14  SUCH AN EPIC SCENE!! LOL, LOVE THIS"
960,"Klo mau trending komennya jgn pake emot, saling like semua komentar"
961,"I cried, my stomach hurts aaaa this is so good to be trueâ¤ï¸â¤ï¸â¤ï¸"
962,i canâ€™t stop smiling and cryingğŸ˜­
963,4:15 ngeri sarkasnya
964,Makasih yaa guys! Keren banget
965,6:05 yang keluar iklan njir kwowkwk
966,Habis nnton youtube rewind 2020 jadi pengen flashback ke youtube rewind 2019 tapi malah ngilang:(
967,11:29 om fitra eri tersenyum mengenang masa lalu :v
968,why am cried when i watching thisğŸ˜­ğŸ˜­
969,GO trendingkan ğŸ”¥ğŸ”¥ğŸ”¥ğŸ”¥
970,terimakasih atas kerja keras nya semua!
971,11:35 hmm:(
972,Trending kan ğŸ”¥ğŸ”¥ğŸ”¥
973,"Keren bat dahhh,semangat terus lah pokok nyağŸ˜ğŸ˜ğŸ˜"
974,OMG THE BEST YTR ğŸ”¥ğŸ”¥ğŸ”¥
975,KEREN.. ğŸ”¥
976,ya Allah sedih sekaligus banggağŸ˜­â¤ï¸
977,Jumlah penonton lebih sedikit dibandingkan dengan like haha
978,2020 : sadness 80% other 20%
979,"Pilih mana 
Chandra liow : like
Atta halilintar : komen"
980,6:06 turn off the lights
981,"Netizen : mari sama-sama trendingkan 
Me : okey, dokey! Yo."
982,2020 banyak kenangan!!!ğŸ¥ºâ¤ï¸
983,goosebumps ğŸ”¥ğŸ”¥ğŸ”¥
984,Kembalinya youtube rewind indonesia. This is amaziingg pake bangetğŸ”¥ğŸ”¥ğŸ”¥ğŸ”¥
985,Yg ditunggu-tunggu akhirnya rilis:')
986,04:14 BRAVO BRAVOğŸ¤£ğŸ¤£
987,"Nangis ga sih kalian yang sering nontonin mereka dari jaman 2010an. Tau awal mereka, tau mulai mereka temenan berantem diem2an mencair temenan lagi mendewasa. Dan sampe ke titik kehidupan mereka semua. Ada yang pergi ada yang datang begitulah kehidupan. Nikmati setiap langkah yg akan menjadi kenangan. Thanks Youtube Rewind 2020 bikin gw nangis !"
988,AAAKKK PERFFEEECCCTTTT ğŸ¤§ğŸ˜­ğŸ¥º
989,"The best,merinding nontonya!!"
990,Lah odading mang oleh mana ğŸ˜‚
991,"merinding gilaaaa, keren battt:'))"
992,PERFECT!
993,UN1TY arghhh... terima kasih untuk 14 menit 21 detik yang epic!!! sehat-sehat kita semuanya ya :)
994,"KACAU PARAHHHHH. Terharu iya, merinding iya, ketawa iya, gila emanggg ğŸ˜­ğŸ”¥â™¥â™¥â™¥"
995,Adegan 4:38 lupa memakai protektor lvl 3 kah ? ğŸ¥º
996,"Gilak, finally it's back dan keren banget!"
997,"Sumpah gua masih gak ngerti sama yg dislike ğŸ˜­, ini keren parah ğŸ”¥ğŸ”¥"
998,Mannn.. THAT'S JUST SOO GOOD..thankyou so much for everyone who put this together â¤ï¸
999,lagi ngefreeze guys !! buat trending yuk !!!
1000,this video make me cryy:( good job you guyss. let's go trendingg!!!
1001,"4:26 ini yg gua carii ....

Chuaakss.."
1002,"Cuma mau bilang, ""KEREN BANGET!!!"" ğŸ˜­ğŸ˜­ğŸ˜­ğŸ”¥ğŸ”¥ğŸ”¥ğŸ™ğŸ™ğŸ™"
1003,TERVAAAIIIKKKKKK â¤ï¸ğŸ’•ğŸ”¥ğŸ”¥ğŸ”¥ğŸ”¥ğŸ”¥ğŸ”¥
1004,GOKILLLLLğŸ”¥ğŸ”¥ğŸ”¥
1005,Satu kata: AMAZINGGGG!
1006,Masih ada aja yang disslike ğŸ˜Œ
1007,"Keren"" Merinding liatnya, sukses terus buat kalianâ˜º"
1008,kereeen â¤ï¸
1009,MERINDINGG ASLIIII!!!! Youtube Rewind tahun inii bikin guee nangissss gilaaaaaaa ToT
1010,"Keren parahh!!! :"")) Harus tranding!!!!!!"
1011,"Guess who's crying ?

yep, me :')
ada yg mewek juga kah ?"
1012,SUMPAH INI TERKEREN PLEASE NANGIS BGT NONTONNYA SEKEREN ITU
1013,ğŸ”¥ğŸ”¥ğŸ”¥ğŸ”¥ğŸ”¥
1014,"Youtube rewind 2020 the best! 
Terimakasih untuk tahun yang singkat ini :)"
1015,Yahh podcast 2% error nggk ada ğŸ˜­
1016,* sarah viloid checkk :v*
1017,nangisss gaboong keren bgttğŸ˜­â¤ï¸â¤ï¸
1018,11:10 sebelum semuanya menyerang wkwk
1019,Keren banget gilağŸ˜­â¤ï¸â¤ï¸â¤ï¸
1020,"Sesuatu yg di ulang"" adalah hal yg membosankan.! Kritik opening"
1021,"INI TERKEREN!!! AYO TRENDING!!
MAKASIH GUE NANGIS BGT DR AWAL VIDEO UDA MERINDING DAN CMN BISA NGA NGA SAMBIL BLG ""WOW WOW"" DAN SEBUTIN NAMA NAMA ORG YG GUE TAU SKSKSKSK â¤ï¸â¤ï¸â¤ï¸â¤ï¸â¤ï¸"
1022,"Kerennnn,, menginspirasii semngat terus para kreator indonesia, semoga konten konten semkin kreatif semakin kerenn, banyak yg positif #nyalakanindonesia"
1023,HEHE mantap
1024,"Gak bosen nonton di ulang - ulang, luv bangett!â¤ï¸"
1025,8:54 Akhirnya kreator kebanggaan gue masuk Rewind âœ¨âœ¨âœ¨
1026,ini si harus trending no 1 keren bgt woe ğŸ˜­
1027,NangissssğŸ”¥ğŸ”¥ğŸ”¥ğŸ”¥
1028,Gilaa keren parahğŸ”¥ğŸ”¥ğŸ”¥
1029,4:50 wkwk satt
1030,"kereeenn parah, good jobğŸ˜­ğŸ‘ğŸ»"
1031,GOKIL KEREN PARAH ğŸ”¥ğŸ”¥ğŸ”¥
1032,Its reaction time
1033,5:47 pak muh gemuyyyy....
1034,yuk tranding yuk rewind is back â¤ğŸ”¥
1035,KEREN BANGETTTTT GILAKKKğŸ˜­ğŸ˜­ğŸ”¥ğŸ”¥ğŸ”¥
1036,GILAA MERINDINGG KEREN BGTT! EMANG GA PERNA MENGECEWAKANN!
1037,2020 dalam 14menitğŸ˜­
1038,KerenğŸ”¥ğŸ”¥
1039,Best youtube rewind ever!!!!
1040,8:28
1041,"Keren gila!!!!!
Emosi yang lengkap saat nonton ini.."
1042,"kreator yang sangat menginspirasi, terimakasih sudah tetap memberikan konten berkualitas"
1043,10:43ğŸ˜Œ
1044,Fix director ny harus masuk podcast om deddy ğŸ¤£
1045,Kereeeennn ğŸ˜­ğŸ˜­
1046,Selalu amazed sih tiap nonton youtube rewind tiap tahunnyağŸ‘ğŸ»ğŸ‘ğŸ»ğŸ‘ğŸ»
1047,Demi apaa ooy kereeeeen sampeek nangiiis ğŸ˜­ğŸ˜­ğŸ˜­ğŸ˜­ğŸ˜­ğŸ˜­ğŸ˜­kayak sediih
1048,JUJUR INI KEREN PAKE BGTTTTğŸ˜­â¤ï¸ğŸ”¥
1049,Goosebumps!!!
1050,kok gw jadi nangis siğŸ˜­ğŸ˜­
1051,Sangarrrrr orang hebat hebat sedang berkumpul... semoga tahun depan dapat ikut disini.
1052,Gue nangis bgt ğŸ˜­ğŸ˜­ demi gua nangis keren ğŸ˜­ğŸ˜­
1053,rewind Indonesia 2020ğŸ”¥ğŸ”¥
1054,4:13 hahahaha ibuk banteng :v
1055,Kerennn parahhhhğŸ”¥ğŸ”¥ğŸ”¥
1056,Masterpiece
1057,ğŸ™ŒğŸ™Œâ¤ï¸â¤ï¸
1058,"Luar biasaa!!!
Pecahh(â•¥ï¹â•¥)"
1059,Mantabss kerennnn anjrottt parah sih ini bagus bener ğŸ¤§ğŸ‘ğŸ‘ğŸ™ğŸ¤
1060,"Ga semua orang paham bahwa perbedaan tu indah, youtube rewind 2020 ini buktinya. Perbedaan tu jelas terlihat tapi begitu sangat indah, ini kerana adanya kebersamaan diantara mereka. Dan mari kita juga sama2 membangun indonesia menjadi lebih baik lagi"
1061,Sebagus ini ttp ada yg dislike :)
1062,Keren bangettt ğŸ”¥ğŸ”¥ğŸ”¥
1063,Kereeeeennnn!!!â¤ï¸â¤ï¸â¤ï¸â¤ï¸â¤ï¸
1064,terbaik lahhh ğŸ‘
1065,"Speechless, It's too great bro
Hats off for you all"
1066,Sedih liat DA LOPEZ :(
1067,TERHARU ğŸ˜­ğŸ˜­ğŸ˜­â¤ï¸
1068,"Dari merinding sampe nangis nontonnya.. sedih, terharu, dan kangen banget... kangen banget ngeliat momen-momen itu... the best rewind ever."
1069,"ga tau lagi mau bilang apaa, keren bangettğŸ˜­ğŸ˜­"
1070,Terthebest sih iniiğŸ”¥
1071,"Kangen yang kek gini, bukan kek kemaren2"
1072,Ga ada miawaug/kak Regi  :')
1073,sedih melepas jovidovi pergi :(
1074,Hidup Aing simple disitu ada arap disitu ada gw
1075,yuu trending yuu ğŸ”¥ğŸ”¥
1076,keren bangeeeet!!!ğŸ˜­ğŸ˜­ğŸ’¯ğŸ’¯ğŸ‘ğŸ»ğŸ‘ğŸ»âœ¨âœ¨
1077,LETâ€™S GO TRENDING! ğŸ”¥
1078,Terbaik ! ğŸ”¥ğŸ”¥ğŸ”¥
1079,"DAMN!!!, MAN BUAT LU PADA YANG BERKONTRIBUSI DI REWIND TAHUN INI. I JUST WANNA TO SAY THANK YOU FOR YOU ALL GUYS. BERKAT KALIAN TAHUN 2020 YANG SINGKAT DAN PENUH BENCANA INI SETIDAKNYA MENJADI SEBUAH INSPIRASI BAGI KITA"
1080,"to be honest guys. Im speechless for the whole video. I enjoy every single details, music, and story. So proud for the whole team. Congrats guys. U gonna make another noise next time. Enjoy the positive energy and respond. U deserve it. Thank you guys"
1081,YANG INGIN GABUNG DI REWIND TAHUN BESOK LIKE SEMOGA TERCAPAI AMINNNNğŸ™ğŸ™
1082,"MAKASIH BUAT SEMUANYA,SENENG BISA LIAT REWIND LAGII :)"
1083,"U know i can't :"")
Love u da Lopez brother
#legendneverdie 
Piece"
1084,3:09 ok itu serem
1085,KEREEEEN!!! KURANG LAMAAA):
1086,This is lit ğŸ”¥ğŸ”¥ğŸ”¥ğŸ”¥
1087,KEREEENNNN BANGETT BAANGGEETTTTğŸ”¥ğŸ”¥ğŸ”¥ğŸ”¥ğŸ˜­ğŸ˜­â¤â¤
1088,Kereeeenbanget!!!ğŸ¥ºâ£ï¸â£ï¸
1089,2:51 this is arnold? hahaha
1090,"5:22
maaf itu yang di subtitle nya emang ada kata ""oxygen udah habis"" tapi yang gw denger  ""opsi game udah habis"", apakah emg script nya?"
1091,"3:01 Anak Wibu dan anime lovers setelah mendengar lagunya
""Dimana Loliku"""
1092,keren min:â€)
1093,trendinglahhhh
1094,"keren parah si inii, hrus trending gamau tauğŸ˜­â¤ï¸"
1095,2:37 love them â™¡â™¡â™¡â™¡
1096,"7:49 merinding, keren ini"
1097,"Pas scene Eka be like :
""Ga ada arap fix. Gamungkin dia mau join""
Pas WG muncul shock bgt anjir ampe tremor"
1098,Let's Goo Trending keun
1099,YOU ALL DID A GREAT JOB! THANK YOU GUYS. THIS MAKES ME GOOSEBUMPS â¤ï¸â¤ï¸â¤ï¸â¤ï¸â¤ï¸
1100,"Bruh i really miss the ""stay at home"" gift at instagram story man"
1101,Terimakasih untuk kita semua yang sudah berjuang ditahun iniâ¤ï¸âœ¨
1102,"a lot of hard work went into this and, it turned out amazing!
good job everyone!!! you really outdid yourselves this year."
1103,"i only got a word to say , â€œmerindingâ€.
bismillah semoga tahun depan adalah tahun yang baik untuk kita semua :"")"
1104,"NANGIS BANGETTT KERENNNNNNNNN HUAAAAAA PLS INIIII GILAAA, TRENDING 1 YOKKKKK GASSSS"
1105,"Merinding, keren, dan sedih juga... trending nih !!!!"
1106,"Kereeeeennnnn :""""D"
1107,OH MY GOD OH MY GOD OH MY GOD!!!! MENANGISSSS GUA NONTON INIIIIIIIIIIII. LOVE U GUYS <3<3
1108,COME ON!! GO TRENDING!! ğŸ˜­â¤
1109,This is beautiful<3
1110,KEREN BGT WOILAHH PROUD OF U GUYSS ğŸ˜­ğŸ˜­ğŸ˜­â¤â¤â¤â¤
1111,ASLI PART YG LATHI NYA BEUHHHğŸ”¥ğŸ”¥ğŸ”¥ğŸ”¥
1112,"Nice, Perfect ğŸ”¥"
1113,Real Masterpiece!!!
1114,"gilaaaa,petjah!â¤ğŸ˜­ğŸ”¥"
1115,PECAHHHğŸ”¥ğŸ”¥
1116,"speechless, thank you all so much!ğŸ˜ğŸ˜"
1117,KEREEEEEEN BANGEEEEET !!!!
1118,Cakep cakep
1119,Perfect....kalian semua kerenğŸ”¥ğŸ”¥ğŸ”¥
1120,"MERINDING LIAT YOUTUBE REWIND INDONESIA 2020, SMOGA KOMPAK SEMUA YOUTUBER INDONESIA."
1121,"Honestly i'm crying, yes like a babyğŸ¥º"
1122,4:12 best scene
1123,"THIS IS BREATHTAKING, U GUYS DID AN INCREDIBLE JOB, SO MUCH NOSTALGIC THING THAT I ALMOST FORGOT, THIS IS MAD LAD CHIEFFğŸ”¥ğŸ”¥ğŸ”¥"
1124,So emotional ğŸ˜­ THIS MUST BE TRENDING ğŸ”¥
1125,11:05 bang tara & bang gemağŸ¤£
1126,THE MASTERPIECE OHHMAYGEWDDDD
1127,"Indonesia kerenğŸ”¥
Thank you to Indonesian YouTubers, God blessğŸ™"
1128,DAMN THIS IS SO BEAUTIFUL. I CRIEDğŸ˜­
1129,TERIMA KASIH!! UNTUK SEMUA YANG TERLIBAT DI VIDEO INI .. SATU KATA UNTUK KALIAN  SEMUA ... KEREN!!! ğŸ˜­ğŸ˜­ğŸ‘ğŸ‘
1130,2:41 UN1TY KEREN BANGETTTT SEMOGA NEXT ADA FULL VERSI NYA YA HYUNG
1131,"As a person that almost watching YouTube everyday in 2020, I'm amazed. Thank you for all the Indonesian creators' content there. You all have worked hardâ¤ï¸ keep the creativity and there's still a long way to go. Love you, guysâ¤ï¸ Once again, THANK YOU."
1132,"Keren parah, meringding nontonnya, klo yg direct org"" paham YouTube kerasa bngt bedanya"
1133,"Masterpiece - Goosebumps - Heartwarming - Speechless.


Wes Anderson."
1134,Can't hold my tears ğŸ¥º
1135,4:16 yg matiin mic warna merah dong. RED sus
1136,5:11
1137,GEEZ THIS VIDEO DESERVES GRAMMY ALSKZJDUDJ IM SO HAPPY EVERYONES THERE AND YAAMPUN I CAN'T SAY ANYTHING BENER BENER SATUIN SEMUANYA
1138,"Plankton pernah berkata :
""Lebih baik merasa dicintai dan kehilangan daripada tidak pernah dicintai sama sekali.""

Don't book its cover by the judge"
1139,BEST YOUTUBE REWIND INDONESIA EVER!!!
1140,"â€”speechless!!!
i didn't expect 2020 to be so fcking amazing like this. thanks y'allğŸ”¥âœ¨"
1141,"When anca start smiling, i start crying"
1142,4:30 coki musalim Satttttttt
1143,"TERIMA KASIH SEMUANYAAAA INI KEREN BANGETT SUMPAH
TERHARUğŸ˜­ğŸ˜­ğŸ˜­"
1144,"Yang dislike mata nya rabun,  ini wajib trending #1, bantu up guys!"
1145,The best rewind of all time !!!!. Its just so perfect ğŸ¥²
1146,"make it tr3nd1ng gaess!!,jangan pake 3m0t yaa kalo tulis tr3nd1ng di sens0r,semangat!!!"
1147,"PARAH KEREN ABISS SAMPE GUA NANGIS ,LETâ€™S GO TRENDING!!ğŸ”¥ğŸ”¥ğŸ”¥"
1148,"""stay classy""
agung hapsah"
1149,NANGISSSSSSS! OMG SEKEREN ITUUUUUUU. THANK YOU SEMUANYA.
1150,8:00 Merindinggg asli....
1151,3:30 GBLK how to become
1152,can't stop crying OMG this is soooooooo amazing!
1153,9:17 epic moment is coming bro!!! lets gooo
1154,9:40 the best partğŸ’™
1155,"3:06 Nessie judge
4:34 Cokie pardede & Tretan Muslim

Itu Favorite ku"
1156,"""WELCOME BACK..."""
